CustomerID,RFM_Segment,Behavior_Segment
12346.0,Low,Anomaly
12347.0,Mid,Regular
12348.0,Mid,Regular
12349.0,Mid,Regular
12350.0,Low,Regular
12352.0,Mid,Regular
12353.0,Low,Regular
12354.0,Low,Regular
12355.0,Low,Regular
12356.0,Mid,Regular
12357.0,Mid,Bulk
12358.0,Mid,Regular
12359.0,Mid,Regular
12360.0,Mid,Regular
12361.0,Low,Regular
12362.0,Mid,Regular
12363.0,Mid,Regular
12364.0,Mid,Regular
12365.0,Low,Regular
12367.0,Mid,Regular
12370.0,Mid,Regular
12371.0,Mid,Regular
12372.0,Mid,Regular
12373.0,Low,Regular
12374.0,Mid,Regular
12375.0,Mid,Regular
12377.0,Low,Regular
12378.0,Mid,Bulk
12379.0,Mid,Regular
12380.0,Mid,Regular
12381.0,Mid,Regular
12383.0,Low,Regular
12384.0,Mid,Regular
12386.0,Low,Regular
12388.0,Mid,Regular
12390.0,Mid,Regular
12391.0,Mid,Regular
12393.0,Mid,Regular
12394.0,Mid,Regular
12395.0,Mid,Regular
12397.0,Mid,Regular
12398.0,Mid,Regular
12399.0,Mid,Regular
12401.0,Low,Regular
12402.0,Low,Regular
12403.0,Mid,Regular
12405.0,Low,Regular
12406.0,Mid,Regular
12407.0,Mid,Regular
12408.0,Mid,Regular
12409.0,Mid,Bulk
12410.0,Low,Regular
12412.0,Mid,Regular
12413.0,Mid,Regular
12414.0,Low,Regular
12415.0,High,Anomaly
12417.0,Mid,Regular
12418.0,Mid,Regular
12420.0,Mid,Regular
12421.0,Mid,Regular
12422.0,Mid,Regular
12423.0,Mid,Regular
12424.0,Low,Regular
12425.0,Mid,Regular
12426.0,Low,Regular
12427.0,Mid,Regular
12428.0,Mid,Regular
12429.0,Mid,Regular
12430.0,Mid,Regular
12431.0,Mid,Regular
12432.0,Mid,Regular
12433.0,Mid,Regular
12434.0,Mid,Regular
12435.0,Mid,Regular
12436.0,Mid,Regular
12437.0,Mid,Regular
12438.0,Mid,Regular
12441.0,Low,Regular
12442.0,Mid,Regular
12444.0,Mid,Regular
12445.0,Mid,Regular
12446.0,Mid,Regular
12447.0,Low,Regular
12448.0,Mid,Regular
12449.0,Mid,Regular
12450.0,Low,Regular
12451.0,Mid,Regular
12452.0,Mid,Regular
12453.0,Mid,Regular
12454.0,Mid,Regular
12455.0,Mid,Regular
12456.0,Mid,Regular
12457.0,Mid,Regular
12458.0,Mid,Regular
12461.0,Mid,Regular
12462.0,Mid,Regular
12463.0,Mid,Regular
12464.0,Mid,Regular
12465.0,Mid,Regular
12468.0,Low,Regular
12471.0,Mid,Regular
12472.0,Mid,Regular
12473.0,Mid,Regular
12474.0,Mid,Regular
12475.0,Mid,Regular
12476.0,Mid,Regular
12477.0,Mid,Regular
12478.0,Mid,Regular
12479.0,Mid,Regular
12480.0,Mid,Regular
12481.0,Mid,Regular
12483.0,Mid,Regular
12484.0,Mid,Regular
12488.0,Mid,Regular
12489.0,Low,Regular
12490.0,Mid,Regular
12491.0,Mid,Regular
12492.0,Mid,Regular
12493.0,Low,Regular
12494.0,Mid,Regular
12497.0,Mid,Regular
12498.0,Mid,Regular
12500.0,Mid,Regular
12501.0,Low,Regular
12502.0,Mid,Regular
12504.0,Mid,Regular
12506.0,Low,Regular
12507.0,Mid,Regular
12508.0,Mid,Regular
12509.0,Low,Regular
12510.0,Low,Regular
12512.0,Mid,Regular
12513.0,Mid,Regular
12514.0,Low,Regular
12515.0,Low,Regular
12516.0,Mid,Regular
12517.0,Mid,Regular
12518.0,Mid,Regular
12519.0,Mid,Regular
12520.0,Mid,Regular
12521.0,Low,Regular
12522.0,Mid,Regular
12523.0,Mid,Regular
12524.0,Mid,Regular
12526.0,Mid,Regular
12527.0,Mid,Regular
12528.0,Mid,Regular
12530.0,Mid,Regular
12531.0,Mid,Regular
12532.0,Mid,Regular
12534.0,Mid,Regular
12535.0,Mid,Regular
12536.0,Mid,Anomaly
12538.0,Mid,Regular
12539.0,Mid,Regular
12540.0,Mid,Regular
12541.0,Mid,Regular
12544.0,Mid,Regular
12545.0,Mid,Regular
12546.0,Mid,Regular
12547.0,Low,Regular
12548.0,Low,Regular
12550.0,Mid,Regular
12551.0,Low,Regular
12552.0,Mid,Regular
12553.0,Mid,Regular
12556.0,Mid,Regular
12557.0,Mid,Regular
12558.0,Mid,Regular
12559.0,Low,Regular
12560.0,Mid,Regular
12561.0,Low,Regular
12562.0,Mid,Regular
12564.0,Low,Regular
12565.0,Low,Regular
12566.0,Mid,Regular
12567.0,Mid,Regular
12569.0,Mid,Regular
12571.0,Mid,Regular
12572.0,Mid,Regular
12573.0,Low,Regular
12574.0,Low,Regular
12576.0,Mid,Regular
12577.0,Mid,Regular
12578.0,Mid,Regular
12579.0,Mid,Regular
12580.0,Low,Regular
12581.0,Mid,Regular
12582.0,Low,Regular
12583.0,Mid,Regular
12584.0,Mid,Regular
12585.0,Low,Regular
12586.0,Mid,Regular
12587.0,Mid,Regular
12588.0,Mid,Regular
12589.0,Mid,Regular
12590.0,Low,Anomaly
12591.0,Low,Regular
12592.0,Mid,Regular
12593.0,Mid,Regular
12594.0,Mid,Regular
12596.0,Mid,Regular
12597.0,Mid,Regular
12598.0,Mid,Regular
12599.0,Mid,Regular
12600.0,Mid,Regular
12601.0,Low,Regular
12602.0,Mid,Regular
12603.0,Mid,Regular
12604.0,Mid,Regular
12607.0,Mid,Regular
12609.0,Mid,Regular
12610.0,Mid,Regular
12611.0,Mid,Regular
12612.0,Mid,Regular
12613.0,Mid,Regular
12614.0,Low,Regular
12615.0,Mid,Regular
12616.0,Mid,Regular
12617.0,Mid,Regular
12618.0,Mid,Regular
12619.0,Mid,Regular
12620.0,Mid,Regular
12621.0,Mid,Regular
12622.0,Low,Regular
12623.0,Low,Regular
12624.0,Mid,Regular
12625.0,Low,Regular
12626.0,Mid,Regular
12627.0,Mid,Regular
12628.0,Mid,Regular
12630.0,Mid,Regular
12631.0,Mid,Regular
12633.0,Mid,Regular
12635.0,Mid,Regular
12637.0,Mid,Regular
12638.0,Mid,Regular
12639.0,Low,Regular
12640.0,Mid,Regular
12641.0,Mid,Regular
12642.0,Mid,Regular
12643.0,Mid,Regular
12644.0,Mid,Regular
12645.0,Mid,Regular
12646.0,Mid,Regular
12647.0,Mid,Regular
12648.0,Low,Regular
12649.0,Mid,Regular
12650.0,Mid,Regular
12651.0,Low,Regular
12652.0,Low,Regular
12653.0,Low,Regular
12654.0,Mid,Regular
12656.0,Mid,Regular
12657.0,Mid,Regular
12658.0,Mid,Regular
12659.0,Mid,Regular
12660.0,Mid,Regular
12662.0,Mid,Regular
12664.0,Mid,Regular
12665.0,Low,Regular
12667.0,Mid,Regular
12668.0,Mid,Regular
12669.0,Low,Regular
12670.0,Mid,Regular
12672.0,Low,Regular
12673.0,Mid,Regular
12674.0,Mid,Regular
12676.0,Mid,Regular
12678.0,Mid,Bulk
12679.0,Mid,Regular
12680.0,Mid,Regular
12681.0,Mid,Regular
12682.0,Mid,Regular
12683.0,Mid,Regular
12684.0,Mid,Regular
12685.0,Mid,Regular
12686.0,Low,Regular
12688.0,Mid,Bulk
12689.0,Mid,Regular
12690.0,Low,Regular
12691.0,Mid,Regular
12693.0,Mid,Regular
12694.0,Mid,Regular
12695.0,Mid,Regular
12697.0,Mid,Regular
12700.0,Mid,Regular
12701.0,Mid,Regular
12702.0,Mid,Regular
12703.0,Mid,Regular
12704.0,Mid,Regular
12705.0,Mid,Regular
12707.0,Low,Regular
12708.0,Mid,Regular
12709.0,Mid,Regular
12710.0,Mid,Regular
12712.0,Mid,Regular
12713.0,Mid,Regular
12714.0,Mid,Regular
12715.0,Mid,Regular
12716.0,Mid,Regular
12717.0,Low,Regular
12718.0,Mid,Regular
12719.0,Mid,Regular
12720.0,Mid,Regular
12721.0,Mid,Regular
12722.0,Mid,Regular
12723.0,Mid,Regular
12724.0,Mid,Regular
12725.0,Low,Regular
12726.0,Mid,Regular
12727.0,Mid,Regular
12728.0,Mid,Regular
12729.0,Mid,Regular
12731.0,Mid,Regular
12732.0,Low,Regular
12733.0,Low,Regular
12734.0,Low,Regular
12735.0,Low,Regular
12736.0,Low,Regular
12738.0,Low,Regular
12739.0,Mid,Regular
12740.0,Mid,Regular
12743.0,Mid,Regular
12744.0,Mid,Regular
12747.0,Mid,Regular
12748.0,High,Regular
12749.0,Mid,Regular
12750.0,Mid,Regular
12752.0,Mid,Regular
12753.0,Mid,Regular
12754.0,Low,Anomaly
12755.0,Low,Regular
12756.0,Mid,Regular
12757.0,Mid,Regular
12758.0,Mid,Regular
12759.0,Mid,Regular
12762.0,Mid,Regular
12763.0,Mid,Regular
12764.0,Low,Regular
12766.0,Mid,Regular
12769.0,Low,Regular
12770.0,Low,Regular
12772.0,Mid,Regular
12775.0,Mid,Regular
12778.0,Mid,Regular
12779.0,Mid,Regular
12781.0,Mid,Regular
12782.0,Mid,Regular
12783.0,Mid,Regular
12784.0,Mid,Regular
12785.0,Low,Regular
12787.0,Mid,Regular
12789.0,Mid,Regular
12790.0,Low,Regular
12791.0,Low,Regular
12792.0,Low,Regular
12793.0,Low,Regular
12794.0,Mid,Regular
12795.0,Mid,Regular
12797.0,Low,Regular
12798.0,Mid,Regular
12802.0,Low,Regular
12808.0,Mid,Regular
12809.0,Low,Regular
12811.0,Low,Regular
12812.0,Mid,Regular
12814.0,Mid,Regular
12815.0,Low,Regular
12816.0,Mid,Regular
12817.0,Low,Regular
12818.0,Low,Regular
12820.0,Mid,Regular
12821.0,Low,Regular
12822.0,Mid,Regular
12823.0,Mid,Regular
12824.0,Mid,Regular
12826.0,Mid,Regular
12827.0,Mid,Regular
12828.0,Mid,Regular
12829.0,Low,Regular
12830.0,Mid,Regular
12831.0,Low,Regular
12832.0,Mid,Regular
12833.0,Low,Regular
12834.0,Low,Regular
12836.0,Mid,Regular
12837.0,Low,Regular
12838.0,Mid,Regular
12839.0,Mid,Regular
12840.0,Mid,Regular
12841.0,Mid,Regular
12842.0,Mid,Regular
12843.0,Mid,Regular
12844.0,Mid,Regular
12845.0,Low,Regular
12847.0,Mid,Regular
12849.0,Mid,Regular
12851.0,Mid,Regular
12852.0,Low,Regular
12853.0,Mid,Regular
12854.0,Mid,Regular
12855.0,Low,Regular
12856.0,Mid,Regular
12857.0,Low,Regular
12863.0,Mid,Regular
12864.0,Mid,Regular
12865.0,Mid,Regular
12866.0,Low,Regular
12867.0,Mid,Regular
12868.0,Low,Regular
12871.0,Mid,Regular
12872.0,Low,Regular
12873.0,Low,Regular
12875.0,Low,Anomaly
12876.0,Mid,Regular
12877.0,Mid,Regular
12878.0,Low,Regular
12879.0,Mid,Regular
12881.0,Low,Regular
12882.0,Mid,Regular
12883.0,Mid,Regular
12884.0,Mid,Regular
12885.0,Mid,Regular
12886.0,Mid,Regular
12888.0,Low,Regular
12890.0,Mid,Regular
12891.0,Low,Regular
12893.0,Mid,Regular
12895.0,Mid,Regular
12897.0,Low,Regular
12901.0,Mid,Bulk
12902.0,Low,Regular
12904.0,Mid,Regular
12906.0,Mid,Regular
12908.0,Low,Regular
12909.0,Mid,Regular
12910.0,Mid,Regular
12912.0,Mid,Regular
12913.0,Mid,Regular
12915.0,Low,Regular
12916.0,Mid,Regular
12917.0,Mid,Regular
12919.0,Mid,Regular
12920.0,Mid,Regular
12921.0,Mid,Regular
12922.0,Low,Regular
12923.0,Mid,Regular
12924.0,Mid,Regular
12925.0,Mid,Regular
12928.0,Mid,Regular
12929.0,Low,Regular
12930.0,Mid,Regular
12931.0,Mid,Anomaly
12933.0,Mid,Regular
12935.0,Mid,Regular
12936.0,Mid,Regular
12937.0,Mid,Regular
12938.0,Mid,Regular
12939.0,Mid,Regular
12940.0,Mid,Regular
12942.0,Mid,Regular
12944.0,Mid,Regular
12945.0,Low,Regular
12947.0,Mid,Regular
12948.0,Mid,Regular
12949.0,Mid,Regular
12950.0,Mid,Regular
12951.0,Mid,Regular
12952.0,Mid,Regular
12953.0,Mid,Regular
12955.0,Mid,Regular
12956.0,Low,Regular
12957.0,Mid,Regular
12962.0,Mid,Regular
12963.0,Mid,Regular
12965.0,Mid,Regular
12966.0,Mid,Regular
12967.0,Low,Regular
12968.0,Mid,Regular
12970.0,Mid,Regular
12971.0,High,Regular
12974.0,Low,Regular
12976.0,Low,Regular
12977.0,Low,Regular
12980.0,Mid,Regular
12981.0,Mid,Regular
12982.0,Low,Regular
12984.0,Mid,Regular
12985.0,Mid,Regular
12987.0,Mid,Regular
12988.0,Low,Regular
12989.0,Mid,Regular
12990.0,Mid,Regular
12991.0,Mid,Regular
12993.0,Mid,Regular
12994.0,Mid,Regular
12995.0,Mid,Regular
12997.0,Mid,Regular
12999.0,Low,Regular
13000.0,Mid,Regular
13001.0,Mid,Regular
13002.0,Low,Regular
13003.0,Mid,Regular
13004.0,Mid,Regular
13005.0,Low,Regular
13006.0,Mid,Regular
13008.0,Low,Regular
13011.0,Low,Regular
13012.0,Mid,Regular
13013.0,Mid,Regular
13014.0,Mid,Regular
13015.0,Mid,Regular
13016.0,Mid,Regular
13017.0,Mid,Regular
13018.0,Mid,Regular
13021.0,Mid,Regular
13023.0,Mid,Regular
13026.0,Mid,Regular
13027.0,Mid,Anomaly
13028.0,Mid,Regular
13029.0,Mid,Regular
13030.0,Mid,Regular
13032.0,Mid,Regular
13033.0,Low,Regular
13034.0,Mid,Regular
13035.0,Mid,Regular
13037.0,Mid,Regular
13038.0,Mid,Regular
13040.0,Mid,Regular
13043.0,Low,Regular
13044.0,Low,Regular
13045.0,Mid,Regular
13046.0,Mid,Regular
13047.0,Mid,Regular
13048.0,Mid,Regular
13049.0,Mid,Regular
13050.0,Mid,Regular
13052.0,Low,Regular
13055.0,Mid,Regular
13058.0,Mid,Regular
13059.0,Low,Regular
13060.0,Low,Regular
13061.0,Mid,Regular
13062.0,Low,Regular
13064.0,Mid,Regular
13065.0,Low,Regular
13066.0,Mid,Regular
13067.0,Mid,Regular
13068.0,Mid,Regular
13069.0,Mid,Regular
13070.0,Low,Regular
13072.0,Low,Regular
13075.0,Mid,Regular
13077.0,Mid,Regular
13078.0,Mid,Regular
13079.0,Mid,Regular
13080.0,Low,Regular
13081.0,Mid,Anomaly
13082.0,Mid,Regular
13083.0,Mid,Regular
13085.0,Low,Regular
13089.0,High,Regular
13090.0,Mid,Regular
13091.0,Mid,Regular
13092.0,Mid,Regular
13093.0,Low,Regular
13094.0,Mid,Regular
13095.0,Mid,Regular
13097.0,Mid,Regular
13098.0,Mid,Regular
13099.0,Mid,Regular
13101.0,Low,Regular
13102.0,Mid,Regular
13103.0,Mid,Regular
13104.0,Mid,Regular
13106.0,Mid,Regular
13107.0,Mid,Regular
13108.0,Low,Regular
13109.0,Mid,Regular
13110.0,Mid,Regular
13113.0,Mid,Regular
13115.0,Mid,Regular
13116.0,Mid,Regular
13117.0,Mid,Regular
13118.0,Mid,Regular
13120.0,Low,Regular
13121.0,Low,Regular
13122.0,Mid,Regular
13124.0,Mid,Regular
13126.0,Mid,Regular
13127.0,Mid,Regular
13130.0,Mid,Regular
13131.0,Mid,Regular
13132.0,Low,Regular
13133.0,Low,Regular
13134.0,Mid,Regular
13135.0,Low,Anomaly
13136.0,Mid,Regular
13137.0,Mid,Regular
13138.0,Mid,Regular
13139.0,Mid,Regular
13140.0,Mid,Regular
13141.0,Mid,Regular
13142.0,Mid,Regular
13144.0,Low,Regular
13145.0,Mid,Regular
13146.0,Mid,Regular
13147.0,Mid,Regular
13148.0,Mid,Regular
13149.0,Mid,Regular
13151.0,Low,Regular
13153.0,Mid,Regular
13155.0,Mid,Regular
13157.0,Mid,Regular
13158.0,Mid,Regular
13159.0,Mid,Regular
13160.0,Mid,Regular
13161.0,Low,Regular
13162.0,Mid,Regular
13165.0,Mid,Regular
13166.0,Low,Regular
13167.0,Mid,Regular
13168.0,Mid,Regular
13169.0,Mid,Regular
13170.0,Mid,Regular
13171.0,Mid,Regular
13173.0,Mid,Regular
13174.0,Mid,Regular
13176.0,Mid,Regular
13177.0,Mid,Regular
13178.0,Mid,Regular
13182.0,Mid,Regular
13183.0,Mid,Regular
13184.0,Mid,Regular
13185.0,Low,Regular
13186.0,Mid,Regular
13187.0,Low,Regular
13188.0,Mid,Regular
13189.0,Mid,Regular
13192.0,Mid,Regular
13193.0,Mid,Regular
13194.0,Mid,Regular
13196.0,Mid,Regular
13198.0,Mid,Regular
13199.0,Mid,Regular
13200.0,Mid,Regular
13203.0,Mid,Regular
13207.0,Mid,Regular
13208.0,Mid,Regular
13209.0,Mid,Regular
13210.0,Mid,Regular
13211.0,Mid,Regular
13212.0,Mid,Regular
13213.0,Mid,Regular
13216.0,Low,Regular
13217.0,Mid,Regular
13218.0,Mid,Regular
13220.0,Mid,Regular
13221.0,Low,Regular
13223.0,Low,Regular
13224.0,Mid,Regular
13225.0,Mid,Regular
13226.0,Low,Regular
13227.0,Low,Regular
13228.0,Mid,Regular
13229.0,Low,Regular
13230.0,Mid,Regular
13232.0,Mid,Regular
13233.0,Mid,Regular
13235.0,Low,Regular
13236.0,Mid,Regular
13238.0,Mid,Regular
13239.0,Low,Regular
13240.0,Mid,Regular
13242.0,Mid,Regular
13243.0,Low,Regular
13244.0,Mid,Regular
13245.0,Mid,Regular
13246.0,Mid,Regular
13247.0,Mid,Regular
13248.0,Mid,Regular
13249.0,Mid,Regular
13253.0,Low,Regular
13255.0,Mid,Regular
13258.0,Mid,Regular
13259.0,Mid,Regular
13260.0,Mid,Regular
13261.0,Low,Regular
13262.0,Low,Regular
13263.0,Mid,Regular
13265.0,Mid,Regular
13266.0,Mid,Regular
13267.0,Mid,Regular
13268.0,Mid,Regular
13269.0,Mid,Regular
13270.0,Low,Regular
13271.0,Mid,Regular
13272.0,Mid,Regular
13273.0,Mid,Regular
13276.0,Mid,Regular
13277.0,Mid,Regular
13278.0,Mid,Regular
13279.0,Mid,Regular
13280.0,Mid,Regular
13282.0,Mid,Regular
13283.0,Mid,Regular
13284.0,Low,Regular
13285.0,Mid,Regular
13291.0,Low,Regular
13292.0,Mid,Regular
13294.0,Low,Regular
13295.0,Low,Regular
13296.0,Mid,Regular
13297.0,Mid,Regular
13298.0,Mid,Regular
13299.0,Low,Regular
13300.0,Low,Regular
13301.0,Mid,Regular
13302.0,Low,Regular
13304.0,Low,Regular
13305.0,Mid,Regular
13307.0,Mid,Regular
13308.0,Mid,Regular
13309.0,Mid,Regular
13310.0,Mid,Regular
13311.0,Mid,Regular
13313.0,Mid,Regular
13314.0,Mid,Regular
13316.0,Mid,Bulk
13317.0,Mid,Regular
13318.0,Mid,Regular
13319.0,Mid,Regular
13320.0,Mid,Regular
13321.0,Mid,Regular
13322.0,Mid,Regular
13323.0,Mid,Regular
13324.0,Mid,Regular
13325.0,Mid,Regular
13327.0,Mid,Regular
13328.0,Low,Regular
13329.0,Mid,Regular
13330.0,Mid,Regular
13332.0,Mid,Regular
13334.0,Mid,Regular
13336.0,Mid,Regular
13338.0,Low,Regular
13339.0,Low,Regular
13340.0,Mid,Regular
13341.0,Low,Regular
13343.0,Low,Regular
13344.0,Mid,Regular
13345.0,Low,Regular
13347.0,Mid,Regular
13348.0,Mid,Regular
13349.0,Mid,Regular
13350.0,Mid,Regular
13351.0,Mid,Regular
13352.0,Mid,Regular
13354.0,Mid,Regular
13355.0,Mid,Regular
13356.0,Mid,Regular
13357.0,Low,Regular
13358.0,Low,Regular
13359.0,Mid,Regular
13362.0,Mid,Regular
13363.0,Mid,Regular
13364.0,Mid,Regular
13365.0,Mid,Regular
13366.0,Mid,Regular
13368.0,Low,Regular
13369.0,Low,Regular
13370.0,Low,Regular
13372.0,Mid,Regular
13373.0,Mid,Regular
13375.0,Mid,Regular
13376.0,Mid,Regular
13379.0,Mid,Regular
13381.0,Mid,Regular
13382.0,Low,Regular
13384.0,Mid,Regular
13385.0,Low,Regular
13388.0,Mid,Regular
13389.0,Mid,Regular
13390.0,Mid,Regular
13391.0,Low,Regular
13394.0,Mid,Regular
13395.0,Low,Regular
13396.0,Mid,Regular
13397.0,Mid,Regular
13398.0,Low,Regular
13402.0,Mid,Regular
13403.0,Mid,Regular
13404.0,Mid,Regular
13405.0,Mid,Regular
13408.0,High,Regular
13410.0,Mid,Regular
13411.0,Mid,Regular
13414.0,Mid,Regular
13416.0,Mid,Regular
13417.0,Mid,Regular
13418.0,Mid,Regular
13419.0,Mid,Regular
13420.0,Low,Regular
13421.0,Mid,Regular
13422.0,Mid,Regular
13425.0,Mid,Regular
13426.0,Mid,Regular
13427.0,Mid,Regular
13428.0,Mid,Regular
13429.0,Mid,Regular
13430.0,Mid,Regular
13431.0,Mid,Regular
13434.0,Mid,Regular
13435.0,Mid,Regular
13436.0,Mid,Regular
13437.0,Mid,Regular
13439.0,Low,Regular
13441.0,Mid,Regular
13447.0,Mid,Regular
13448.0,Mid,Regular
13449.0,Mid,Regular
13450.0,Mid,Regular
13451.0,Mid,Regular
13452.0,Low,Regular
13453.0,Low,Regular
13455.0,Mid,Regular
13456.0,Mid,Regular
13458.0,Mid,Regular
13460.0,Mid,Regular
13461.0,Mid,Regular
13462.0,Low,Regular
13464.0,Mid,Regular
13466.0,Low,Regular
13467.0,Mid,Regular
13468.0,Mid,Regular
13470.0,Mid,Regular
13471.0,Mid,Regular
13473.0,Mid,Regular
13474.0,Low,Regular
13475.0,Low,Regular
13476.0,Low,Regular
13477.0,Mid,Regular
13479.0,Low,Regular
13481.0,Mid,Regular
13482.0,Low,Regular
13483.0,Mid,Regular
13484.0,Low,Regular
13485.0,Low,Regular
13486.0,Mid,Regular
13487.0,Mid,Regular
13488.0,Mid,Regular
13489.0,Mid,Regular
13491.0,Mid,Regular
13492.0,Mid,Regular
13493.0,Low,Regular
13494.0,Low,Regular
13495.0,Mid,Regular
13496.0,Mid,Regular
13497.0,Low,Regular
13499.0,Mid,Regular
13500.0,Mid,Regular
13501.0,Low,Regular
13502.0,Mid,Regular
13503.0,Mid,Regular
13504.0,Mid,Regular
13505.0,Mid,Regular
13506.0,Low,Regular
13507.0,Mid,Regular
13508.0,Low,Regular
13509.0,Mid,Regular
13510.0,Mid,Regular
13512.0,Low,Regular
13513.0,Mid,Regular
13514.0,Mid,Regular
13515.0,Mid,Regular
13516.0,Mid,Regular
13517.0,Mid,Regular
13518.0,Mid,Regular
13519.0,Mid,Regular
13520.0,Mid,Regular
13521.0,Mid,Regular
13522.0,Mid,Regular
13523.0,Mid,Regular
13524.0,Mid,Regular
13525.0,Mid,Regular
13527.0,Mid,Regular
13529.0,Mid,Regular
13531.0,Low,Regular
13532.0,Mid,Regular
13533.0,Low,Regular
13534.0,Mid,Regular
13536.0,Mid,Regular
13538.0,Mid,Regular
13539.0,Mid,Regular
13544.0,Mid,Regular
13546.0,Mid,Regular
13548.0,Mid,Regular
13549.0,Mid,Regular
13551.0,Low,Regular
13552.0,Mid,Regular
13555.0,Mid,Regular
13557.0,Mid,Regular
13558.0,Mid,Regular
13560.0,Mid,Regular
13561.0,Low,Regular
13562.0,Mid,Regular
13563.0,Mid,Regular
13564.0,Mid,Regular
13565.0,Mid,Regular
13566.0,Mid,Regular
13568.0,Low,Regular
13569.0,Mid,Regular
13570.0,Low,Regular
13571.0,Mid,Regular
13572.0,Low,Regular
13573.0,Mid,Regular
13575.0,Mid,Regular
13576.0,Mid,Regular
13577.0,Mid,Regular
13579.0,Mid,Regular
13581.0,Low,Regular
13583.0,Low,Regular
13584.0,Low,Regular
13587.0,Mid,Regular
13588.0,Mid,Regular
13589.0,Mid,Regular
13590.0,Mid,Regular
13591.0,Mid,Regular
13592.0,Mid,Regular
13593.0,Mid,Regular
13594.0,Mid,Regular
13596.0,Mid,Regular
13598.0,Mid,Regular
13599.0,Mid,Regular
13600.0,Low,Regular
13601.0,Mid,Regular
13602.0,Mid,Regular
13603.0,Mid,Regular
13606.0,Mid,Regular
13607.0,Mid,Regular
13610.0,Mid,Regular
13611.0,Mid,Regular
13614.0,Mid,Regular
13615.0,Low,Regular
13617.0,Mid,Regular
13618.0,Low,Regular
13621.0,Mid,Regular
13623.0,Mid,Regular
13626.0,Low,Regular
13627.0,Mid,Regular
13629.0,Mid,Regular
13630.0,Mid,Regular
13631.0,Mid,Regular
13632.0,Mid,Regular
13634.0,Mid,Regular
13635.0,Mid,Regular
13636.0,Mid,Regular
13637.0,Mid,Regular
13638.0,Mid,Regular
13639.0,Mid,Regular
13642.0,Low,Regular
13643.0,Mid,Regular
13644.0,Mid,Regular
13645.0,Mid,Regular
13647.0,Mid,Regular
13649.0,Low,Regular
13650.0,Mid,Regular
13651.0,Mid,Regular
13652.0,Mid,Regular
13654.0,Mid,Regular
13655.0,Mid,Regular
13656.0,Low,Regular
13657.0,Mid,Regular
13658.0,Mid,Regular
13659.0,Low,Regular
13662.0,Mid,Regular
13663.0,Low,Regular
13666.0,Mid,Regular
13667.0,Low,Regular
13668.0,Mid,Regular
13669.0,Mid,Regular
13670.0,Mid,Regular
13672.0,Low,Regular
13673.0,Mid,Regular
13675.0,Low,Regular
13678.0,Low,Regular
13680.0,Mid,Regular
13681.0,Mid,Regular
13682.0,Low,Regular
13684.0,Low,Regular
13685.0,Mid,Regular
13686.0,Low,Regular
13689.0,Mid,Regular
13690.0,Mid,Regular
13692.0,Mid,Regular
13694.0,High,Anomaly
13695.0,Mid,Regular
13697.0,Mid,Regular
13699.0,Low,Regular
13700.0,Mid,Regular
13703.0,Low,Regular
13704.0,Mid,Regular
13705.0,Mid,Regular
13706.0,Low,Regular
13707.0,Low,Regular
13708.0,Low,Regular
13709.0,Mid,Regular
13710.0,Mid,Regular
13711.0,Low,Regular
13712.0,Low,Regular
13715.0,Low,Regular
13716.0,Low,Regular
13717.0,Mid,Regular
13718.0,Low,Regular
13719.0,Mid,Regular
13720.0,Mid,Regular
13721.0,Mid,Regular
13722.0,Mid,Regular
13723.0,Low,Regular
13725.0,Mid,Regular
13726.0,Mid,Regular
13727.0,Mid,Regular
13728.0,Mid,Regular
13730.0,Mid,Regular
13731.0,Low,Regular
13732.0,Mid,Regular
13735.0,Mid,Regular
13736.0,Mid,Regular
13737.0,Low,Regular
13739.0,Mid,Regular
13740.0,Low,Regular
13741.0,Mid,Regular
13742.0,Mid,Regular
13743.0,Mid,Regular
13744.0,Mid,Regular
13745.0,Low,Regular
13747.0,Low,Regular
13748.0,Mid,Regular
13750.0,Mid,Regular
13751.0,Low,Regular
13752.0,Mid,Regular
13753.0,Low,Regular
13754.0,Low,Regular
13755.0,Mid,Regular
13756.0,Mid,Regular
13758.0,Mid,Regular
13759.0,Mid,Regular
13760.0,Mid,Regular
13761.0,Mid,Regular
13762.0,Low,Regular
13763.0,Mid,Regular
13764.0,Mid,Regular
13767.0,Mid,Regular
13769.0,Mid,Regular
13771.0,Mid,Regular
13772.0,Mid,Regular
13774.0,Mid,Regular
13777.0,Mid,Regular
13778.0,Mid,Regular
13780.0,Mid,Regular
13781.0,Low,Regular
13782.0,Mid,Regular
13784.0,Mid,Regular
13786.0,Low,Regular
13787.0,Mid,Regular
13790.0,Mid,Regular
13791.0,Mid,Regular
13792.0,Mid,Regular
13798.0,High,Regular
13799.0,Mid,Regular
13800.0,Low,Regular
13801.0,Mid,Regular
13802.0,Mid,Regular
13803.0,Low,Regular
13804.0,Mid,Regular
13805.0,Mid,Regular
13806.0,Mid,Regular
13807.0,Low,Regular
13808.0,Mid,Regular
13809.0,Low,Regular
13810.0,Mid,Regular
13811.0,Low,Regular
13812.0,Mid,Regular
13813.0,Mid,Regular
13814.0,Mid,Regular
13815.0,Mid,Regular
13816.0,Mid,Regular
13817.0,Mid,Regular
13819.0,Low,Regular
13821.0,Low,Regular
13822.0,Mid,Regular
13823.0,Mid,Regular
13824.0,Mid,Regular
13826.0,Low,Regular
13827.0,Mid,Regular
13828.0,Mid,Regular
13831.0,Mid,Regular
13832.0,Mid,Regular
13833.0,Low,Regular
13835.0,Mid,Regular
13837.0,Low,Regular
13838.0,Mid,Regular
13841.0,Low,Regular
13842.0,Mid,Regular
13844.0,Mid,Regular
13845.0,Mid,Regular
13846.0,Mid,Regular
13848.0,Mid,Regular
13849.0,Mid,Regular
13850.0,Mid,Regular
13851.0,Mid,Regular
13853.0,Mid,Regular
13854.0,Mid,Regular
13856.0,Low,Regular
13858.0,Mid,Regular
13859.0,Low,Regular
13860.0,Mid,Regular
13862.0,Mid,Regular
13863.0,Low,Regular
13865.0,Mid,Regular
13866.0,Mid,Regular
13867.0,Mid,Regular
13868.0,Mid,Regular
13869.0,Mid,Regular
13870.0,Mid,Regular
13871.0,Mid,Regular
13873.0,Mid,Regular
13874.0,Low,Regular
13875.0,Mid,Regular
13876.0,Mid,Regular
13877.0,Mid,Regular
13878.0,Mid,Regular
13880.0,Mid,Regular
13881.0,Mid,Regular
13882.0,Mid,Regular
13883.0,Mid,Regular
13884.0,Mid,Regular
13885.0,Low,Regular
13886.0,Mid,Regular
13887.0,Low,Regular
13888.0,Mid,Regular
13889.0,Mid,Regular
13890.0,Mid,Regular
13892.0,Mid,Regular
13893.0,Low,Regular
13894.0,Mid,Regular
13895.0,Mid,Regular
13897.0,Mid,Regular
13898.0,Low,Regular
13899.0,Mid,Regular
13900.0,Low,Regular
13901.0,Mid,Regular
13904.0,Mid,Regular
13908.0,Mid,Regular
13911.0,Mid,Regular
13914.0,Mid,Regular
13917.0,Mid,Regular
13918.0,Mid,Regular
13919.0,Mid,Regular
13922.0,Low,Regular
13923.0,Mid,Regular
13924.0,Mid,Regular
13925.0,Mid,Regular
13926.0,Mid,Regular
13927.0,Mid,Regular
13928.0,Mid,Regular
13929.0,Low,Regular
13930.0,Mid,Regular
13931.0,Mid,Regular
13932.0,Low,Regular
13933.0,Mid,Regular
13934.0,Low,Regular
13936.0,Low,Regular
13937.0,Low,Regular
13938.0,Mid,Regular
13939.0,Mid,Regular
13940.0,Mid,Regular
13941.0,Mid,Regular
13946.0,Mid,Regular
13947.0,Mid,Regular
13948.0,Low,Regular
13949.0,Mid,Regular
13950.0,Mid,Regular
13951.0,Low,Regular
13952.0,Low,Regular
13953.0,Mid,Regular
13954.0,Mid,Regular
13955.0,Low,Regular
13956.0,Mid,Regular
13959.0,Mid,Regular
13960.0,Mid,Regular
13962.0,Mid,Regular
13963.0,Low,Regular
13967.0,Low,Regular
13969.0,Mid,Regular
13971.0,Mid,Regular
13972.0,Mid,Regular
13973.0,Low,Regular
13974.0,Mid,Regular
13975.0,Mid,Regular
13976.0,Low,Regular
13978.0,Mid,Regular
13979.0,Mid,Regular
13980.0,Mid,Regular
13982.0,Mid,Regular
13983.0,Mid,Regular
13984.0,Mid,Regular
13985.0,Mid,Regular
13986.0,Mid,Regular
13988.0,Mid,Regular
13989.0,Mid,Regular
13990.0,Low,Regular
13991.0,Mid,Regular
13992.0,Mid,Regular
13993.0,Mid,Regular
13994.0,Mid,Regular
13995.0,Mid,Regular
13999.0,Mid,Regular
14000.0,Low,Regular
14001.0,Mid,Regular
14002.0,Mid,Regular
14004.0,Mid,Regular
14005.0,Mid,Regular
14006.0,Mid,Regular
14009.0,Low,Regular
14012.0,Low,Regular
14013.0,Mid,Regular
14014.0,Mid,Regular
14015.0,Mid,Regular
14016.0,Low,Regular
14019.0,Mid,Regular
14020.0,Mid,Regular
14021.0,Low,Regular
14022.0,Low,Regular
14023.0,Mid,Regular
14024.0,Mid,Regular
14027.0,Mid,Regular
14029.0,Mid,Regular
14030.0,Mid,Regular
14031.0,Mid,Regular
14032.0,Mid,Regular
14034.0,Mid,Regular
14035.0,Mid,Regular
14036.0,Low,Regular
14037.0,Low,Regular
14038.0,Mid,Regular
14039.0,Mid,Regular
14040.0,Mid,Regular
14041.0,Low,Regular
14044.0,Mid,Regular
14045.0,Mid,Regular
14046.0,Low,Regular
14047.0,Mid,Regular
14048.0,Low,Regular
14049.0,Mid,Regular
14050.0,Mid,Regular
14051.0,Mid,Regular
14052.0,Mid,Regular
14053.0,Mid,Regular
14054.0,Mid,Regular
14055.0,Mid,Regular
14056.0,Mid,Regular
14057.0,Mid,Regular
14059.0,Low,Regular
14060.0,Mid,Regular
14062.0,Mid,Regular
14064.0,Mid,Regular
14066.0,Low,Regular
14067.0,Mid,Regular
14068.0,Low,Regular
14071.0,Mid,Regular
14073.0,Mid,Regular
14075.0,Mid,Regular
14076.0,Mid,Regular
14077.0,Mid,Regular
14078.0,Mid,Regular
14079.0,Mid,Regular
14080.0,Mid,Regular
14081.0,Low,Regular
14082.0,Low,Regular
14083.0,Mid,Regular
14085.0,Mid,Regular
14087.0,Mid,Regular
14088.0,Mid,Regular
14089.0,Mid,Regular
14090.0,Low,Regular
14092.0,Mid,Regular
14093.0,Mid,Regular
14096.0,High,Regular
14098.0,Mid,Regular
14099.0,Mid,Regular
14100.0,Mid,Regular
14101.0,Mid,Anomaly
14102.0,Mid,Regular
14104.0,Low,Regular
14105.0,Low,Regular
14107.0,Mid,Regular
14108.0,Mid,Regular
14109.0,Mid,Regular
14110.0,Mid,Regular
14111.0,Mid,Regular
14112.0,Mid,Regular
14113.0,Mid,Regular
14114.0,Low,Regular
14116.0,Mid,Regular
14117.0,Low,Regular
14121.0,Mid,Regular
14124.0,Mid,Regular
14125.0,Mid,Regular
14126.0,Mid,Regular
14127.0,Mid,Regular
14128.0,Mid,Regular
14129.0,Mid,Regular
14130.0,Low,Regular
14132.0,Mid,Regular
14133.0,Mid,Regular
14135.0,Mid,Regular
14138.0,Mid,Regular
14139.0,Mid,Regular
14140.0,Mid,Regular
14141.0,Mid,Regular
14142.0,Low,Regular
14143.0,Mid,Regular
14145.0,Mid,Regular
14146.0,Mid,Regular
14147.0,Mid,Regular
14148.0,Low,Regular
14149.0,Low,Regular
14150.0,Mid,Regular
14152.0,Mid,Regular
14154.0,Low,Regular
14155.0,Low,Regular
14156.0,High,Bulk
14157.0,Mid,Regular
14158.0,Mid,Regular
14159.0,Mid,Regular
14161.0,Low,Regular
14162.0,Low,Regular
14163.0,Mid,Regular
14164.0,Mid,Regular
14165.0,Low,Regular
14167.0,Mid,Regular
14171.0,Mid,Regular
14173.0,Mid,Regular
14174.0,Mid,Regular
14175.0,Mid,Regular
14176.0,Low,Regular
14177.0,Mid,Regular
14178.0,Mid,Regular
14179.0,Mid,Regular
14180.0,Mid,Regular
14184.0,Mid,Regular
14185.0,Low,Regular
14188.0,Mid,Regular
14189.0,Mid,Regular
14191.0,Mid,Regular
14193.0,Mid,Regular
14194.0,Mid,Regular
14195.0,Low,Regular
14196.0,Mid,Regular
14198.0,Mid,Regular
14199.0,Low,Regular
14201.0,Mid,Regular
14204.0,Mid,Regular
14205.0,Mid,Regular
14206.0,Low,Regular
14208.0,Mid,Regular
14209.0,Mid,Regular
14210.0,Mid,Regular
14211.0,Mid,Regular
14212.0,Mid,Regular
14214.0,Mid,Regular
14215.0,Mid,Regular
14216.0,Mid,Regular
14217.0,Mid,Regular
14218.0,Mid,Regular
14219.0,Mid,Regular
14220.0,Low,Regular
14221.0,Mid,Regular
14222.0,Low,Regular
14223.0,Mid,Regular
14224.0,Mid,Regular
14226.0,Mid,Regular
14227.0,Mid,Regular
14229.0,Mid,Regular
14231.0,Low,Regular
14232.0,Mid,Regular
14233.0,Mid,Regular
14234.0,Mid,Regular
14235.0,Mid,Regular
14236.0,Mid,Regular
14237.0,Low,Regular
14238.0,Low,Regular
14239.0,Mid,Regular
14240.0,Mid,Regular
14241.0,Low,Regular
14242.0,Low,Regular
14243.0,Mid,Regular
14245.0,Low,Regular
14246.0,Mid,Regular
14247.0,Low,Regular
14248.0,Low,Regular
14250.0,Mid,Regular
14251.0,Mid,Regular
14256.0,Low,Regular
14257.0,Mid,Regular
14258.0,Mid,Regular
14259.0,Low,Regular
14261.0,Mid,Regular
14262.0,Mid,Regular
14264.0,Low,Regular
14265.0,Mid,Regular
14267.0,Low,Regular
14270.0,Low,Regular
14271.0,Low,Regular
14272.0,Mid,Regular
14273.0,Mid,Regular
14276.0,Mid,Regular
14277.0,Mid,Regular
14280.0,Low,Regular
14282.0,Mid,Regular
14284.0,Mid,Regular
14285.0,Mid,Regular
14286.0,Mid,Regular
14287.0,Mid,Regular
14288.0,Low,Regular
14289.0,Mid,Regular
14290.0,Mid,Regular
14291.0,Mid,Regular
14292.0,Mid,Regular
14293.0,Mid,Regular
14295.0,Mid,Regular
14297.0,Mid,Regular
14298.0,High,Bulk
14299.0,Mid,Regular
14300.0,Mid,Regular
14301.0,Mid,Regular
14304.0,Low,Regular
14305.0,Mid,Regular
14306.0,Mid,Regular
14307.0,Mid,Regular
14309.0,Mid,Regular
14311.0,Low,Regular
14312.0,Mid,Regular
14314.0,Mid,Regular
14315.0,Mid,Regular
14317.0,Mid,Regular
14320.0,Low,Regular
14321.0,Mid,Regular
14323.0,Mid,Regular
14326.0,Low,Regular
14327.0,Low,Regular
14329.0,Mid,Regular
14331.0,Mid,Regular
14332.0,Mid,Regular
14333.0,Mid,Regular
14334.0,Mid,Regular
14335.0,Mid,Regular
14336.0,Mid,Regular
14338.0,Low,Regular
14339.0,Low,Regular
14340.0,Low,Regular
14341.0,Mid,Regular
14342.0,Mid,Regular
14344.0,Mid,Regular
14345.0,Mid,Regular
14346.0,Mid,Regular
14348.0,Low,Regular
14349.0,Mid,Regular
14350.0,Low,Regular
14351.0,Low,Regular
14352.0,Low,Regular
14353.0,Low,Regular
14354.0,Mid,Regular
14355.0,Low,Regular
14356.0,Mid,Regular
14357.0,Mid,Regular
14359.0,Mid,Regular
14360.0,Mid,Regular
14362.0,Mid,Regular
14364.0,Mid,Regular
14367.0,Mid,Regular
14368.0,Low,Regular
14371.0,Low,Regular
14373.0,Low,Regular
14375.0,Low,Regular
14377.0,Low,Regular
14379.0,Mid,Regular
14381.0,Mid,Regular
14382.0,Mid,Regular
14383.0,Mid,Regular
14385.0,Mid,Regular
14386.0,Low,Regular
14387.0,Mid,Regular
14388.0,Mid,Regular
14389.0,Mid,Regular
14390.0,Mid,Regular
14393.0,Low,Regular
14395.0,Mid,Regular
14396.0,Mid,Regular
14397.0,Mid,Regular
14400.0,Low,Regular
14401.0,Mid,Regular
14403.0,Mid,Regular
14404.0,Mid,Regular
14406.0,Mid,Regular
14407.0,Mid,Regular
14408.0,Mid,Regular
14409.0,Mid,Regular
14410.0,Mid,Regular
14411.0,Low,Regular
14412.0,Mid,Regular
14413.0,Low,Regular
14414.0,Mid,Regular
14415.0,Mid,Regular
14416.0,Mid,Regular
14418.0,Mid,Regular
14419.0,Mid,Regular
14420.0,Mid,Regular
14421.0,Mid,Regular
14422.0,Mid,Regular
14423.0,Low,Regular
14424.0,Mid,Regular
14426.0,Mid,Regular
14427.0,Mid,Regular
14428.0,Mid,Regular
14431.0,Low,Regular
14432.0,Mid,Regular
14434.0,Mid,Regular
14436.0,Mid,Regular
14437.0,Low,Regular
14438.0,Low,Regular
14439.0,Low,Regular
14440.0,Mid,Regular
14441.0,Mid,Regular
14442.0,Low,Regular
14443.0,Mid,Regular
14446.0,Mid,Regular
14447.0,Mid,Regular
14448.0,Mid,Regular
14449.0,Mid,Regular
14450.0,Low,Regular
14451.0,Mid,Regular
14452.0,Mid,Regular
14453.0,Low,Regular
14456.0,Mid,Regular
14457.0,Low,Regular
14459.0,Low,Regular
14460.0,Mid,Regular
14461.0,Low,Regular
14462.0,Mid,Regular
14463.0,Mid,Regular
14465.0,Low,Regular
14466.0,Mid,Regular
14467.0,Mid,Regular
14470.0,Mid,Regular
14472.0,Mid,Regular
14473.0,Mid,Regular
14474.0,Mid,Regular
14475.0,Mid,Regular
14476.0,Low,Regular
14477.0,Mid,Regular
14479.0,Low,Regular
14480.0,Mid,Regular
14481.0,Low,Regular
14482.0,Mid,Regular
14483.0,Low,Regular
14484.0,Mid,Regular
14485.0,Mid,Regular
14487.0,Mid,Regular
14488.0,Mid,Regular
14489.0,Low,Regular
14491.0,Low,Regular
14493.0,Mid,Regular
14494.0,Mid,Regular
14495.0,Mid,Regular
14496.0,Low,Regular
14497.0,Low,Regular
14498.0,Mid,Regular
14499.0,Mid,Regular
14500.0,Mid,Regular
14501.0,Low,Regular
14502.0,Mid,Regular
14503.0,Mid,Regular
14504.0,Mid,Regular
14505.0,Mid,Regular
14506.0,Mid,Regular
14507.0,Mid,Regular
14508.0,Mid,Regular
14511.0,Mid,Regular
14512.0,Low,Regular
14513.0,Mid,Regular
14514.0,Mid,Regular
14515.0,Mid,Regular
14517.0,Mid,Regular
14518.0,Mid,Regular
14520.0,Mid,Regular
14522.0,Mid,Regular
14523.0,Mid,Regular
14524.0,Mid,Regular
14525.0,Mid,Regular
14527.0,Mid,Regular
14528.0,Mid,Regular
14529.0,Mid,Regular
14530.0,Mid,Regular
14532.0,Low,Regular
14533.0,Mid,Regular
14534.0,Mid,Regular
14535.0,Mid,Regular
14536.0,Low,Regular
14537.0,Mid,Regular
14538.0,Mid,Regular
14539.0,Mid,Regular
14540.0,Mid,Regular
14541.0,Mid,Regular
14542.0,Low,Regular
14543.0,Mid,Regular
14544.0,Mid,Regular
14546.0,Mid,Regular
14547.0,Mid,Regular
14548.0,Low,Regular
14549.0,Low,Regular
14550.0,Mid,Regular
14551.0,Mid,Regular
14552.0,Low,Regular
14553.0,Mid,Regular
14554.0,Mid,Regular
14555.0,Mid,Regular
14557.0,Mid,Regular
14560.0,Mid,Regular
14561.0,Mid,Regular
14562.0,Mid,Regular
14565.0,Mid,Regular
14566.0,Mid,Regular
14567.0,Mid,Regular
14569.0,Mid,Regular
14570.0,Low,Regular
14572.0,Mid,Regular
14573.0,Low,Regular
14576.0,Low,Regular
14577.0,Mid,Regular
14578.0,Mid,Regular
14581.0,Mid,Regular
14582.0,Mid,Regular
14583.0,Mid,Regular
14584.0,Low,Regular
14585.0,Mid,Regular
14586.0,Low,Regular
14587.0,Mid,Regular
14589.0,Low,Regular
14591.0,Mid,Regular
14592.0,Mid,Regular
14593.0,Mid,Regular
14594.0,Mid,Regular
14595.0,Mid,Regular
14597.0,Mid,Regular
14598.0,Mid,Regular
14600.0,Low,Regular
14601.0,Mid,Regular
14603.0,Low,Regular
14606.0,High,Regular
14607.0,Mid,Regular
14608.0,Mid,Regular
14609.0,Mid,Bulk
14616.0,Low,Regular
14618.0,Mid,Regular
14619.0,Low,Regular
14620.0,Low,Regular
14621.0,Mid,Regular
14622.0,Low,Regular
14623.0,Mid,Regular
14624.0,Mid,Regular
14625.0,Low,Regular
14626.0,Mid,Regular
14628.0,Mid,Regular
14629.0,Mid,Regular
14631.0,Mid,Regular
14632.0,Low,Regular
14633.0,Low,Regular
14636.0,Mid,Regular
14638.0,Mid,Regular
14639.0,Mid,Regular
14640.0,Mid,Regular
14641.0,Mid,Regular
14642.0,Mid,Regular
14643.0,Low,Regular
14644.0,Mid,Regular
14645.0,Low,Regular
14646.0,High,Anomaly
14647.0,Low,Regular
14649.0,Mid,Regular
14651.0,Mid,Regular
14652.0,Mid,Regular
14653.0,Mid,Regular
14655.0,Mid,Regular
14656.0,Low,Regular
14657.0,Mid,Regular
14658.0,Mid,Regular
14659.0,Mid,Regular
14660.0,Mid,Regular
14661.0,Mid,Regular
14662.0,Mid,Regular
14664.0,Mid,Regular
14665.0,Mid,Regular
14666.0,Mid,Regular
14667.0,Mid,Regular
14669.0,Low,Regular
14670.0,Low,Regular
14672.0,Low,Regular
14673.0,Mid,Regular
14675.0,Mid,Regular
14676.0,Mid,Regular
14680.0,Mid,Regular
14681.0,Mid,Regular
14682.0,Low,Regular
14684.0,Mid,Regular
14687.0,Mid,Regular
14688.0,Mid,Regular
14689.0,Low,Regular
14690.0,Mid,Regular
14691.0,Mid,Regular
14692.0,Mid,Regular
14693.0,Low,Regular
14696.0,Mid,Regular
14697.0,Low,Regular
14698.0,Mid,Regular
14699.0,Low,Regular
14700.0,Mid,Regular
14701.0,Mid,Regular
14702.0,Mid,Regular
14703.0,Mid,Regular
14704.0,Mid,Regular
14705.0,Low,Regular
14708.0,Mid,Regular
14709.0,Mid,Regular
14710.0,Mid,Regular
14711.0,Mid,Regular
14712.0,Mid,Regular
14713.0,Mid,Regular
14714.0,Mid,Regular
14715.0,Mid,Regular
14716.0,Mid,Regular
14719.0,Mid,Regular
14720.0,Mid,Regular
14722.0,Low,Regular
14723.0,Mid,Regular
14725.0,Mid,Regular
14727.0,Low,Regular
14729.0,Low,Regular
14730.0,Mid,Regular
14731.0,Mid,Regular
14732.0,Mid,Regular
14733.0,Mid,Regular
14735.0,Mid,Regular
14737.0,Mid,Regular
14738.0,Mid,Regular
14739.0,Mid,Regular
14740.0,Low,Regular
14741.0,Mid,Regular
14744.0,Mid,Regular
14745.0,Mid,Regular
14747.0,Low,Regular
14748.0,Mid,Regular
14752.0,Mid,Regular
14753.0,Mid,Regular
14754.0,Mid,Regular
14755.0,Mid,Regular
14756.0,Mid,Regular
14757.0,Mid,Regular
14758.0,Mid,Regular
14759.0,Mid,Regular
14760.0,Low,Regular
14761.0,Mid,Regular
14762.0,Low,Regular
14764.0,Mid,Regular
14765.0,Mid,Regular
14766.0,Mid,Regular
14768.0,Mid,Regular
14769.0,Mid,Regular
14770.0,Low,Regular
14772.0,Mid,Regular
14775.0,Mid,Regular
14776.0,Mid,Regular
14778.0,Mid,Regular
14779.0,Low,Regular
14780.0,Mid,Regular
14782.0,Low,Regular
14784.0,Mid,Regular
14785.0,Mid,Regular
14788.0,Mid,Regular
14789.0,Mid,Regular
14790.0,Mid,Regular
14792.0,Mid,Regular
14793.0,Mid,Regular
14794.0,Mid,Regular
14795.0,Low,Regular
14796.0,Mid,Regular
14798.0,Mid,Regular
14799.0,Mid,Regular
14800.0,Mid,Regular
14801.0,Mid,Regular
14803.0,Low,Regular
14804.0,Mid,Regular
14805.0,Mid,Regular
14806.0,Mid,Regular
14808.0,Mid,Regular
14810.0,Mid,Regular
14813.0,Low,Regular
14815.0,Mid,Regular
14816.0,Low,Regular
14817.0,Low,Regular
14818.0,Mid,Regular
14819.0,Mid,Regular
14820.0,Mid,Regular
14821.0,Low,Regular
14823.0,Low,Regular
14824.0,Mid,Regular
14825.0,Mid,Regular
14828.0,Low,Regular
14829.0,Mid,Regular
14830.0,Mid,Regular
14834.0,Mid,Regular
14836.0,Mid,Regular
14837.0,Mid,Regular
14840.0,Low,Regular
14841.0,Mid,Regular
14842.0,Mid,Regular
14844.0,Mid,Regular
14847.0,Low,Regular
14849.0,Mid,Regular
14850.0,Low,Regular
14851.0,Mid,Regular
14852.0,Mid,Regular
14853.0,Mid,Regular
14854.0,Mid,Regular
14855.0,Mid,Regular
14856.0,Mid,Regular
14857.0,Mid,Regular
14859.0,Mid,Regular
14860.0,Mid,Regular
14861.0,Mid,Regular
14862.0,Mid,Regular
14863.0,Mid,Regular
14865.0,Mid,Regular
14866.0,Mid,Regular
14867.0,Low,Regular
14868.0,Mid,Regular
14869.0,Mid,Regular
14870.0,Low,Regular
14871.0,Mid,Regular
14873.0,Low,Regular
14875.0,Mid,Regular
14878.0,Mid,Regular
14880.0,Mid,Regular
14881.0,Mid,Regular
14882.0,Mid,Regular
14883.0,Mid,Regular
14885.0,Mid,Regular
14886.0,Low,Regular
14887.0,Mid,Regular
14888.0,Low,Regular
14889.0,Low,Regular
14890.0,Low,Regular
14891.0,Low,Regular
14893.0,Mid,Regular
14894.0,Mid,Regular
14895.0,Mid,Regular
14896.0,Low,Regular
14897.0,Mid,Regular
14898.0,Mid,Regular
14901.0,Mid,Regular
14902.0,Mid,Regular
14903.0,Mid,Regular
14904.0,Mid,Regular
14905.0,Low,Regular
14907.0,Mid,Regular
14908.0,Mid,Regular
14910.0,Mid,Regular
14911.0,High,Bulk
14912.0,Mid,Regular
14913.0,Mid,Regular
14915.0,Mid,Regular
14916.0,Mid,Regular
14918.0,Mid,Regular
14920.0,Low,Regular
14921.0,Mid,Regular
14923.0,Mid,Regular
14924.0,Low,Regular
14929.0,Mid,Regular
14930.0,Mid,Regular
14931.0,Mid,Regular
14932.0,Low,Regular
14934.0,Mid,Regular
14935.0,Low,Regular
14936.0,Mid,Regular
14937.0,Mid,Regular
14944.0,Mid,Regular
14946.0,Mid,Regular
14947.0,Mid,Regular
14948.0,Mid,Regular
14950.0,Mid,Regular
14951.0,Mid,Regular
14952.0,Mid,Regular
14953.0,Mid,Regular
14954.0,Mid,Regular
14957.0,Low,Regular
14958.0,Low,Regular
14959.0,Mid,Regular
14960.0,Mid,Regular
14961.0,Mid,Regular
14962.0,Low,Regular
14963.0,Mid,Regular
14964.0,Low,Regular
14965.0,Mid,Regular
14966.0,Mid,Regular
14967.0,Mid,Regular
14968.0,Mid,Regular
14970.0,Mid,Regular
14971.0,Mid,Regular
14972.0,Mid,Regular
14973.0,Mid,Regular
14974.0,Mid,Regular
14975.0,Mid,Regular
14976.0,Mid,Regular
14978.0,Mid,Regular
14981.0,Low,Regular
14984.0,Mid,Regular
14985.0,Low,Regular
14987.0,Mid,Regular
14988.0,Low,Regular
14995.0,Mid,Regular
14997.0,Mid,Regular
14998.0,Low,Regular
15000.0,Mid,Regular
15002.0,Mid,Regular
15004.0,Low,Regular
15005.0,Mid,Regular
15006.0,Mid,Regular
15007.0,Low,Regular
15009.0,Mid,Regular
15010.0,Mid,Regular
15012.0,Mid,Regular
15014.0,Mid,Regular
15016.0,Low,Regular
15017.0,Mid,Regular
15018.0,Mid,Regular
15019.0,Low,Regular
15021.0,Mid,Regular
15022.0,Mid,Regular
15023.0,Mid,Regular
15024.0,Mid,Regular
15025.0,Mid,Regular
15026.0,Mid,Regular
15027.0,Mid,Regular
15028.0,Mid,Regular
15030.0,Mid,Regular
15031.0,Mid,Regular
15032.0,Low,Regular
15033.0,Mid,Regular
15034.0,Mid,Regular
15035.0,Mid,Regular
15036.0,Mid,Regular
15038.0,Mid,Regular
15039.0,Mid,Regular
15041.0,Low,Regular
15042.0,Low,Regular
15043.0,Mid,Regular
15044.0,Mid,Regular
15045.0,Low,Regular
15046.0,Mid,Regular
15047.0,Low,Regular
15048.0,Mid,Regular
15049.0,Low,Regular
15050.0,Mid,Regular
15051.0,Mid,Regular
15052.0,Low,Regular
15053.0,Mid,Regular
15054.0,Mid,Regular
15057.0,Low,Regular
15058.0,Mid,Regular
15059.0,Mid,Regular
15060.0,Mid,Regular
15061.0,High,Regular
15062.0,Mid,Regular
15063.0,Low,Regular
15065.0,Mid,Regular
15066.0,Mid,Regular
15067.0,Mid,Regular
15068.0,Mid,Regular
15069.0,Low,Regular
15070.0,Low,Regular
15071.0,Mid,Regular
15073.0,Mid,Regular
15074.0,Mid,Regular
15075.0,Mid,Regular
15076.0,Low,Regular
15078.0,Mid,Regular
15079.0,Low,Regular
15081.0,Mid,Regular
15083.0,Low,Regular
15087.0,Low,Regular
15088.0,Mid,Regular
15089.0,Mid,Regular
15090.0,Low,Regular
15091.0,Mid,Regular
15092.0,Low,Regular
15093.0,Mid,Regular
15095.0,Mid,Regular
15096.0,Mid,Regular
15097.0,Mid,Regular
15098.0,Low,Regular
15099.0,Mid,Regular
15100.0,Low,Regular
15101.0,Mid,Regular
15103.0,Mid,Regular
15104.0,Low,Regular
15105.0,Mid,Regular
15106.0,Mid,Regular
15107.0,Low,Regular
15108.0,Mid,Regular
15109.0,Low,Regular
15110.0,Mid,Regular
15111.0,Mid,Regular
15113.0,Mid,Regular
15114.0,Mid,Regular
15115.0,Mid,Regular
15116.0,Mid,Regular
15117.0,Mid,Regular
15118.0,Mid,Regular
15119.0,Low,Regular
15120.0,Mid,Regular
15121.0,Mid,Regular
15122.0,Mid,Regular
15123.0,Mid,Regular
15124.0,Mid,Regular
15125.0,Mid,Regular
15127.0,Mid,Regular
15128.0,Mid,Regular
15129.0,Mid,Regular
15130.0,Low,Regular
15132.0,Mid,Regular
15133.0,Mid,Regular
15134.0,Mid,Regular
15135.0,Low,Regular
15136.0,Mid,Regular
15139.0,Low,Regular
15140.0,Mid,Regular
15142.0,Mid,Regular
15143.0,Low,Regular
15144.0,Mid,Regular
15145.0,Mid,Regular
15146.0,Low,Regular
15147.0,Low,Regular
15148.0,Mid,Regular
15149.0,Mid,Regular
15150.0,Mid,Regular
15152.0,Mid,Regular
15153.0,Mid,Regular
15154.0,Mid,Regular
15156.0,Mid,Regular
15157.0,Mid,Regular
15158.0,Mid,Regular
15159.0,Mid,Regular
15160.0,Low,Regular
15163.0,Mid,Regular
15164.0,Mid,Regular
15165.0,Low,Regular
15167.0,Low,Regular
15168.0,Mid,Regular
15171.0,Low,Regular
15172.0,Mid,Regular
15174.0,Low,Regular
15175.0,Mid,Regular
15178.0,Low,Regular
15179.0,Mid,Regular
15180.0,Low,Regular
15181.0,Mid,Regular
15182.0,Low,Regular
15184.0,Mid,Regular
15185.0,Mid,Regular
15186.0,Mid,Regular
15187.0,Mid,Regular
15189.0,Mid,Regular
15192.0,Mid,Regular
15193.0,Mid,Regular
15194.0,Mid,Regular
15195.0,Mid,Regular
15197.0,Mid,Regular
15198.0,Mid,Regular
15199.0,Mid,Regular
15201.0,Mid,Regular
15203.0,Mid,Regular
15204.0,Low,Regular
15205.0,Mid,Regular
15206.0,Mid,Regular
15208.0,Mid,Regular
15210.0,Low,Regular
15211.0,Mid,Regular
15212.0,Low,Regular
15213.0,Low,Regular
15214.0,Mid,Regular
15215.0,Mid,Regular
15216.0,Mid,Regular
15218.0,Mid,Regular
15219.0,Low,Regular
15220.0,Mid,Regular
15221.0,Low,Regular
15222.0,Low,Regular
15223.0,Low,Regular
15224.0,Low,Regular
15225.0,Low,Regular
15226.0,Low,Regular
15227.0,Mid,Regular
15228.0,Mid,Regular
15230.0,Low,Regular
15232.0,Mid,Regular
15234.0,Low,Regular
15235.0,Low,Regular
15236.0,Low,Regular
15237.0,Mid,Regular
15238.0,Mid,Regular
15239.0,Mid,Regular
15240.0,Mid,Regular
15241.0,Mid,Regular
15243.0,Mid,Regular
15244.0,Mid,Regular
15245.0,Mid,Regular
15246.0,Low,Regular
15247.0,Mid,Regular
15249.0,Mid,Regular
15251.0,Mid,Regular
15252.0,Mid,Regular
15253.0,Mid,Regular
15254.0,Mid,Regular
15255.0,Mid,Regular
15256.0,Low,Regular
15257.0,Low,Regular
15258.0,Low,Regular
15260.0,Mid,Regular
15261.0,Mid,Regular
15262.0,Low,Regular
15263.0,Mid,Regular
15264.0,Mid,Regular
15265.0,Low,Regular
15266.0,Low,Regular
15267.0,Mid,Regular
15269.0,Mid,Regular
15270.0,Mid,Regular
15271.0,Mid,Regular
15272.0,Mid,Regular
15274.0,Mid,Regular
15275.0,Mid,Regular
15276.0,Mid,Regular
15277.0,Mid,Regular
15279.0,Low,Regular
15280.0,Low,Regular
15281.0,Mid,Regular
15286.0,Mid,Regular
15287.0,Mid,Regular
15288.0,Mid,Regular
15289.0,Mid,Regular
15290.0,Mid,Regular
15291.0,Mid,Regular
15292.0,Low,Regular
15296.0,Mid,Regular
15297.0,Mid,Regular
15298.0,Mid,Regular
15299.0,Mid,Regular
15300.0,Mid,Regular
15301.0,Mid,Regular
15303.0,Low,Regular
15304.0,Mid,Regular
15306.0,Mid,Regular
15307.0,Mid,Regular
15308.0,Low,Regular
15311.0,High,Regular
15312.0,Mid,Regular
15313.0,Mid,Regular
15314.0,Low,Regular
15315.0,Mid,Regular
15316.0,Low,Regular
15318.0,Mid,Regular
15319.0,Low,Regular
15320.0,Mid,Regular
15321.0,Mid,Regular
15322.0,Mid,Regular
15325.0,Mid,Regular
15326.0,Low,Regular
15327.0,Mid,Regular
15329.0,Mid,Regular
15330.0,Mid,Regular
15332.0,Low,Regular
15333.0,Low,Regular
15334.0,Low,Regular
15335.0,Mid,Regular
15339.0,Mid,Regular
15341.0,Mid,Regular
15342.0,Mid,Regular
15343.0,Mid,Regular
15344.0,Mid,Regular
15345.0,Mid,Regular
15346.0,Low,Regular
15347.0,Low,Regular
15348.0,Mid,Regular
15349.0,Low,Regular
15350.0,Low,Regular
15351.0,Mid,Regular
15353.0,Low,Regular
15355.0,Mid,Regular
15356.0,Mid,Regular
15358.0,Mid,Regular
15360.0,Mid,Regular
15361.0,Low,Regular
15363.0,Low,Regular
15364.0,Mid,Regular
15365.0,Mid,Regular
15366.0,Mid,Regular
15367.0,Mid,Regular
15368.0,Mid,Regular
15370.0,Mid,Regular
15372.0,Mid,Bulk
15373.0,Mid,Regular
15374.0,Mid,Regular
15376.0,Mid,Regular
15379.0,Low,Regular
15380.0,Mid,Regular
15381.0,Low,Regular
15382.0,Mid,Regular
15384.0,Low,Regular
15385.0,Mid,Regular
15386.0,Low,Regular
15388.0,Low,Regular
15389.0,Low,Regular
15392.0,Mid,Regular
15393.0,Mid,Regular
15394.0,Mid,Regular
15395.0,Low,Regular
15396.0,Mid,Regular
15397.0,Low,Regular
15398.0,Mid,Regular
15399.0,Mid,Regular
15400.0,Mid,Regular
15402.0,Low,Regular
15405.0,Low,Regular
15406.0,Mid,Regular
15407.0,Mid,Regular
15408.0,Low,Regular
15410.0,Mid,Regular
15411.0,Mid,Regular
15412.0,Low,Regular
15414.0,Mid,Regular
15415.0,Low,Regular
15416.0,Mid,Regular
15417.0,Mid,Regular
15419.0,Mid,Regular
15421.0,Mid,Regular
15422.0,Low,Regular
15423.0,Mid,Regular
15424.0,Low,Regular
15426.0,Mid,Regular
15427.0,Mid,Regular
15428.0,Mid,Regular
15429.0,Mid,Regular
15432.0,Mid,Regular
15433.0,Low,Regular
15434.0,Mid,Regular
15435.0,Mid,Regular
15436.0,Mid,Regular
15437.0,Low,Regular
15438.0,Mid,Regular
15440.0,Mid,Regular
15442.0,Low,Regular
15443.0,Mid,Regular
15444.0,Mid,Regular
15445.0,Low,Regular
15447.0,Low,Regular
15448.0,Low,Regular
15449.0,Mid,Regular
15450.0,Mid,Regular
15452.0,Mid,Regular
15453.0,Mid,Regular
15454.0,Low,Regular
15456.0,Low,Regular
15457.0,Low,Regular
15458.0,Mid,Regular
15460.0,Low,Regular
15462.0,Mid,Regular
15463.0,Mid,Regular
15464.0,Low,Regular
15465.0,Mid,Regular
15466.0,Mid,Regular
15467.0,Mid,Regular
15468.0,Mid,Regular
15469.0,Mid,Regular
15471.0,Mid,Regular
15472.0,Mid,Regular
15473.0,Mid,Regular
15475.0,Mid,Regular
15478.0,Mid,Regular
15480.0,Mid,Regular
15482.0,Mid,Regular
15483.0,Low,Regular
15484.0,Mid,Regular
15485.0,Mid,Regular
15488.0,Mid,Regular
15489.0,Mid,Regular
15491.0,Mid,Regular
15492.0,Mid,Regular
15493.0,Mid,Regular
15494.0,Mid,Regular
15497.0,Mid,Regular
15498.0,Mid,Regular
15500.0,Mid,Regular
15502.0,Mid,Regular
15503.0,Low,Regular
15504.0,Mid,Regular
15505.0,Mid,Regular
15506.0,Mid,Regular
15507.0,Low,Regular
15508.0,Low,Regular
15510.0,Low,Regular
15511.0,Mid,Regular
15512.0,Low,Regular
15513.0,Mid,Regular
15514.0,Mid,Regular
15516.0,Mid,Regular
15517.0,Low,Regular
15518.0,Mid,Regular
15520.0,Mid,Regular
15521.0,Mid,Regular
15522.0,Mid,Regular
15523.0,Mid,Regular
15524.0,Mid,Regular
15525.0,Mid,Regular
15526.0,Mid,Regular
15527.0,Mid,Regular
15528.0,Low,Regular
15529.0,Mid,Regular
15530.0,Mid,Regular
15531.0,Mid,Regular
15532.0,Mid,Regular
15533.0,Mid,Regular
15535.0,Low,Regular
15537.0,Low,Regular
15539.0,Mid,Regular
15540.0,Mid,Regular
15541.0,Mid,Regular
15543.0,Low,Regular
15544.0,Mid,Regular
15545.0,Mid,Regular
15547.0,Mid,Regular
15549.0,Mid,Regular
15550.0,Mid,Regular
15551.0,Mid,Regular
15552.0,Low,Regular
15553.0,Mid,Regular
15554.0,Low,Regular
15555.0,Mid,Regular
15556.0,Mid,Regular
15557.0,Mid,Regular
15561.0,Mid,Regular
15562.0,Low,Regular
15563.0,Mid,Regular
15565.0,Mid,Regular
15567.0,Mid,Regular
15568.0,Mid,Regular
15569.0,Mid,Regular
15570.0,Mid,Regular
15571.0,Mid,Regular
15572.0,Mid,Regular
15573.0,Mid,Regular
15574.0,Low,Regular
15576.0,Mid,Regular
15577.0,Low,Regular
15578.0,Low,Regular
15579.0,Mid,Regular
15581.0,Mid,Regular
15582.0,Mid,Regular
15584.0,Mid,Regular
15585.0,Low,Regular
15587.0,Mid,Regular
15589.0,Low,Regular
15592.0,Mid,Regular
15593.0,Mid,Regular
15594.0,Mid,Regular
15596.0,Mid,Regular
15597.0,Mid,Regular
15598.0,Mid,Regular
15599.0,Mid,Regular
15601.0,Mid,Regular
15602.0,Mid,Regular
15603.0,Mid,Regular
15604.0,Mid,Regular
15605.0,Mid,Regular
15606.0,Mid,Regular
15607.0,Low,Regular
15608.0,Mid,Regular
15609.0,Low,Regular
15610.0,Mid,Regular
15611.0,Mid,Regular
15612.0,Mid,Regular
15615.0,Mid,Regular
15618.0,Mid,Regular
15619.0,Mid,Regular
15620.0,Mid,Regular
15621.0,Mid,Regular
15622.0,Mid,Regular
15623.0,Low,Regular
15624.0,Mid,Regular
15625.0,Mid,Regular
15626.0,Mid,Regular
15628.0,Mid,Regular
15630.0,Mid,Regular
15632.0,Mid,Regular
15634.0,Mid,Regular
15636.0,Mid,Regular
15637.0,Mid,Regular
15639.0,Mid,Regular
15640.0,Mid,Regular
15641.0,Mid,Regular
15643.0,Low,Regular
15644.0,Low,Regular
15645.0,Mid,Regular
15646.0,Low,Regular
15648.0,Low,Regular
15649.0,Low,Regular
15651.0,Mid,Regular
15652.0,Mid,Regular
15653.0,Mid,Regular
15654.0,Mid,Regular
15655.0,Low,Regular
15656.0,Mid,Regular
15657.0,Mid,Regular
15658.0,Low,Regular
15659.0,Mid,Regular
15660.0,Mid,Regular
15661.0,Low,Regular
15663.0,Mid,Regular
15664.0,Mid,Regular
15665.0,Low,Regular
15667.0,Mid,Regular
15668.0,Low,Regular
15669.0,Mid,Regular
15670.0,Low,Regular
15671.0,Mid,Regular
15673.0,Mid,Regular
15674.0,Mid,Regular
15675.0,Mid,Regular
15676.0,Mid,Regular
15677.0,Mid,Regular
15678.0,Mid,Regular
15679.0,Mid,Regular
15680.0,Mid,Regular
15681.0,Mid,Regular
15683.0,Mid,Regular
15687.0,Mid,Regular
15689.0,Mid,Regular
15690.0,Mid,Regular
15691.0,Low,Regular
15692.0,Mid,Regular
15694.0,Mid,Regular
15695.0,Low,Regular
15696.0,Mid,Regular
15699.0,Mid,Regular
15700.0,Low,Regular
15701.0,Mid,Regular
15703.0,Low,Regular
15704.0,Mid,Regular
15705.0,Low,Regular
15706.0,Mid,Regular
15707.0,Mid,Regular
15708.0,Mid,Regular
15709.0,Low,Regular
15712.0,Mid,Regular
15713.0,Low,Regular
15714.0,Mid,Regular
15716.0,Mid,Regular
15717.0,Low,Regular
15719.0,Mid,Regular
15720.0,Mid,Regular
15721.0,Mid,Regular
15722.0,Mid,Regular
15723.0,Low,Regular
15724.0,Low,Regular
15725.0,Mid,Regular
15727.0,Mid,Regular
15729.0,Low,Regular
15730.0,Mid,Regular
15732.0,Low,Regular
15733.0,Low,Regular
15734.0,Mid,Regular
15737.0,Mid,Regular
15738.0,Mid,Regular
15739.0,Mid,Regular
15740.0,Mid,Regular
15743.0,Mid,Regular
15744.0,Mid,Regular
15745.0,Mid,Regular
15746.0,Mid,Regular
15747.0,Mid,Regular
15748.0,Mid,Regular
15749.0,Low,Anomaly
15750.0,Mid,Regular
15752.0,Mid,Regular
15753.0,Low,Regular
15754.0,Mid,Regular
15755.0,Mid,Regular
15756.0,Mid,Regular
15757.0,Mid,Regular
15758.0,Mid,Regular
15759.0,Low,Regular
15762.0,Mid,Regular
15763.0,Mid,Regular
15764.0,Mid,Regular
15766.0,Mid,Regular
15768.0,Mid,Regular
15769.0,High,Bulk
15773.0,Mid,Regular
15774.0,Mid,Regular
15775.0,Low,Regular
15776.0,Mid,Regular
15777.0,Low,Regular
15780.0,Low,Regular
15781.0,Mid,Regular
15782.0,Mid,Regular
15783.0,Mid,Regular
15785.0,Mid,Regular
15786.0,Mid,Regular
15787.0,Mid,Regular
15789.0,Low,Regular
15790.0,Mid,Regular
15791.0,Mid,Regular
15793.0,Mid,Regular
15795.0,Low,Regular
15796.0,Mid,Regular
15797.0,Mid,Regular
15799.0,Mid,Regular
15800.0,Mid,Regular
15801.0,Mid,Regular
15802.0,Low,Regular
15803.0,Mid,Regular
15804.0,Mid,Regular
15805.0,Mid,Regular
15806.0,Mid,Regular
15807.0,Mid,Regular
15808.0,Low,Regular
15809.0,Mid,Regular
15810.0,Mid,Regular
15811.0,Mid,Regular
15812.0,Mid,Regular
15813.0,Low,Regular
15814.0,Mid,Regular
15815.0,Mid,Regular
15819.0,Mid,Regular
15820.0,Low,Regular
15821.0,Mid,Regular
15822.0,Mid,Regular
15823.0,Low,Regular
15825.0,Low,Regular
15826.0,Mid,Regular
15827.0,Mid,Regular
15829.0,Mid,Regular
15830.0,Mid,Regular
15831.0,Mid,Regular
15832.0,Low,Regular
15834.0,Mid,Regular
15835.0,Mid,Regular
15836.0,Mid,Regular
15837.0,Mid,Regular
15838.0,Mid,Bulk
15839.0,Mid,Regular
15840.0,Mid,Regular
15841.0,Mid,Regular
15843.0,Low,Regular
15844.0,Mid,Regular
15845.0,Mid,Regular
15847.0,Mid,Regular
15850.0,Mid,Regular
15852.0,Low,Regular
15853.0,Mid,Regular
15854.0,Mid,Regular
15855.0,Mid,Regular
15856.0,Mid,Regular
15857.0,Mid,Regular
15858.0,Mid,Regular
15860.0,Mid,Regular
15861.0,Mid,Regular
15862.0,Mid,Regular
15863.0,Mid,Regular
15864.0,Mid,Regular
15865.0,Mid,Regular
15866.0,Mid,Regular
15867.0,Mid,Regular
15869.0,Low,Regular
15870.0,Mid,Regular
15872.0,Mid,Regular
15874.0,Mid,Regular
15877.0,Mid,Regular
15880.0,Low,Regular
15881.0,Low,Regular
15882.0,Low,Regular
15883.0,Mid,Regular
15885.0,Mid,Regular
15886.0,Mid,Regular
15888.0,Mid,Regular
15889.0,Low,Regular
15891.0,Low,Regular
15894.0,Low,Regular
15895.0,Low,Regular
15897.0,Low,Regular
15898.0,Mid,Regular
15899.0,Low,Regular
15900.0,Mid,Regular
15901.0,Mid,Regular
15903.0,Mid,Regular
15904.0,Mid,Regular
15906.0,Mid,Regular
15907.0,Mid,Regular
15909.0,Low,Regular
15910.0,Mid,Regular
15912.0,Low,Regular
15916.0,Mid,Regular
15917.0,Low,Regular
15918.0,Low,Regular
15919.0,Mid,Regular
15920.0,Low,Regular
15921.0,Low,Regular
15922.0,Low,Regular
15923.0,Low,Regular
15925.0,Low,Regular
15930.0,Mid,Regular
15932.0,Mid,Regular
15933.0,Mid,Regular
15935.0,Low,Regular
15937.0,Mid,Regular
15938.0,Mid,Regular
15939.0,Mid,Regular
15940.0,Low,Regular
15942.0,Mid,Regular
15944.0,Low,Regular
15945.0,Low,Regular
15947.0,Mid,Regular
15948.0,Mid,Regular
15949.0,Mid,Regular
15950.0,Mid,Regular
15951.0,Mid,Regular
15952.0,Mid,Regular
15953.0,Mid,Regular
15955.0,Mid,Regular
15957.0,Mid,Regular
15958.0,Mid,Regular
15963.0,Mid,Regular
15965.0,Mid,Regular
15967.0,Mid,Regular
15969.0,Mid,Regular
15970.0,Low,Regular
15971.0,Mid,Regular
15973.0,Low,Regular
15974.0,Mid,Regular
15975.0,Mid,Regular
15976.0,Low,Regular
15977.0,Mid,Regular
15978.0,Mid,Regular
15980.0,Mid,Regular
15981.0,Mid,Regular
15983.0,Mid,Regular
15984.0,Mid,Regular
15985.0,Mid,Regular
15986.0,Mid,Regular
15987.0,Mid,Regular
15988.0,Mid,Regular
15990.0,Mid,Regular
15992.0,Mid,Regular
15993.0,Mid,Regular
15994.0,Mid,Regular
15996.0,Mid,Regular
15998.0,Mid,Regular
16000.0,Mid,Anomaly
16003.0,Mid,Regular
16005.0,Mid,Regular
16006.0,Low,Regular
16007.0,Mid,Regular
16008.0,Mid,Regular
16009.0,Mid,Regular
16010.0,Low,Regular
16011.0,Mid,Regular
16012.0,Mid,Regular
16013.0,High,Regular
16014.0,Mid,Regular
16015.0,Mid,Regular
16016.0,Mid,Regular
16017.0,Mid,Regular
16018.0,Mid,Regular
16019.0,Mid,Regular
16020.0,Mid,Regular
16022.0,Low,Regular
16023.0,Mid,Regular
16024.0,Mid,Regular
16025.0,Mid,Regular
16026.0,Mid,Regular
16027.0,Mid,Regular
16029.0,High,Bulk
16030.0,Low,Regular
16031.0,Mid,Regular
16033.0,Mid,Regular
16034.0,Low,Regular
16036.0,Mid,Regular
16037.0,Low,Regular
16038.0,Mid,Regular
16040.0,Mid,Regular
16041.0,Mid,Regular
16042.0,Mid,Regular
16043.0,Mid,Regular
16045.0,Mid,Regular
16048.0,Low,Regular
16049.0,Mid,Regular
16050.0,Low,Regular
16052.0,Mid,Regular
16053.0,Mid,Regular
16054.0,Low,Regular
16055.0,Low,Regular
16056.0,Mid,Regular
16057.0,Mid,Regular
16059.0,Mid,Regular
16062.0,Mid,Regular
16063.0,Low,Regular
16065.0,Low,Regular
16066.0,Mid,Regular
16070.0,Mid,Regular
16071.0,Mid,Regular
16072.0,Low,Regular
16073.0,Low,Regular
16076.0,Mid,Regular
16078.0,Low,Regular
16079.0,Mid,Regular
16080.0,Mid,Regular
16081.0,Mid,Regular
16083.0,Mid,Regular
16084.0,Low,Regular
16085.0,Mid,Regular
16086.0,Mid,Regular
16091.0,Low,Regular
16092.0,Mid,Regular
16093.0,Mid,Regular
16094.0,Mid,Regular
16096.0,Low,Regular
16097.0,Low,Regular
16098.0,Mid,Regular
16099.0,Mid,Regular
16101.0,Mid,Regular
16102.0,Mid,Regular
16103.0,Mid,Regular
16104.0,Mid,Regular
16105.0,Low,Regular
16106.0,Mid,Regular
16107.0,Mid,Regular
16108.0,Mid,Regular
16109.0,Low,Regular
16110.0,Mid,Regular
16112.0,Mid,Regular
16113.0,Low,Regular
16114.0,Low,Regular
16115.0,Mid,Regular
16116.0,Low,Regular
16117.0,Low,Regular
16119.0,Mid,Regular
16120.0,Mid,Regular
16121.0,Mid,Regular
16122.0,Mid,Regular
16123.0,Mid,Regular
16124.0,Low,Regular
16125.0,Low,Regular
16126.0,Mid,Regular
16127.0,Mid,Regular
16128.0,Mid,Regular
16131.0,Mid,Regular
16133.0,Mid,Regular
16134.0,Mid,Regular
16135.0,Low,Regular
16136.0,Mid,Regular
16139.0,Mid,Regular
16140.0,Mid,Regular
16141.0,Mid,Regular
16142.0,Low,Regular
16143.0,Mid,Regular
16144.0,Low,Regular
16145.0,Mid,Regular
16146.0,Low,Regular
16147.0,Mid,Regular
16148.0,Low,Regular
16149.0,Mid,Regular
16150.0,Mid,Regular
16152.0,Low,Regular
16153.0,Mid,Regular
16156.0,Mid,Regular
16157.0,Mid,Regular
16159.0,Low,Regular
16160.0,Mid,Regular
16161.0,Mid,Regular
16162.0,Low,Regular
16163.0,Low,Regular
16164.0,Mid,Regular
16168.0,Mid,Regular
16169.0,Mid,Regular
16170.0,Mid,Regular
16171.0,Mid,Regular
16172.0,Mid,Regular
16173.0,Mid,Regular
16174.0,Mid,Regular
16175.0,Mid,Regular
16177.0,Mid,Regular
16178.0,Mid,Regular
16179.0,Mid,Regular
16180.0,Mid,Regular
16181.0,Mid,Regular
16182.0,Mid,Regular
16183.0,Mid,Regular
16184.0,Mid,Regular
16185.0,Mid,Regular
16186.0,Mid,Regular
16187.0,Mid,Regular
16188.0,Mid,Regular
16189.0,Mid,Regular
16190.0,Mid,Regular
16191.0,Mid,Regular
16193.0,Low,Regular
16198.0,Mid,Regular
16200.0,Mid,Regular
16201.0,Mid,Regular
16202.0,Low,Regular
16203.0,Mid,Regular
16204.0,Mid,Regular
16205.0,Mid,Regular
16206.0,Mid,Regular
16207.0,Mid,Regular
16208.0,Mid,Regular
16209.0,Mid,Regular
16210.0,Mid,Regular
16211.0,Mid,Regular
16212.0,Mid,Regular
16213.0,Mid,Regular
16214.0,Low,Regular
16215.0,Mid,Regular
16216.0,Low,Regular
16217.0,Low,Regular
16218.0,Mid,Regular
16221.0,Mid,Regular
16222.0,Low,Regular
16224.0,Mid,Regular
16225.0,Mid,Regular
16226.0,Low,Regular
16227.0,Low,Regular
16229.0,Mid,Regular
16230.0,Low,Regular
16232.0,Mid,Regular
16233.0,Mid,Regular
16235.0,Mid,Regular
16236.0,Mid,Regular
16239.0,Mid,Regular
16240.0,Mid,Regular
16241.0,Mid,Regular
16242.0,Mid,Regular
16243.0,Mid,Regular
16244.0,Low,Regular
16245.0,Mid,Regular
16247.0,Low,Regular
16248.0,Mid,Regular
16249.0,Mid,Regular
16250.0,Low,Regular
16253.0,Mid,Regular
16255.0,Mid,Regular
16256.0,Low,Regular
16257.0,Low,Regular
16258.0,Mid,Regular
16260.0,Mid,Regular
16261.0,Mid,Regular
16265.0,Mid,Regular
16266.0,Mid,Regular
16268.0,Mid,Regular
16270.0,Low,Regular
16271.0,Mid,Regular
16272.0,Mid,Regular
16274.0,Low,Regular
16275.0,Low,Regular
16276.0,Low,Regular
16278.0,Mid,Regular
16279.0,Mid,Regular
16281.0,Mid,Regular
16282.0,Low,Regular
16283.0,Mid,Regular
16284.0,Mid,Regular
16287.0,Low,Regular
16292.0,Mid,Regular
16293.0,Mid,Regular
16295.0,Mid,Regular
16297.0,Low,Regular
16298.0,Mid,Regular
16302.0,Mid,Regular
16303.0,Mid,Regular
16305.0,Low,Regular
16306.0,Low,Regular
16308.0,Mid,Regular
16309.0,Mid,Regular
16311.0,Mid,Regular
16313.0,Mid,Regular
16315.0,Low,Regular
16316.0,Mid,Regular
16317.0,Mid,Regular
16318.0,Mid,Regular
16319.0,Low,Regular
16320.0,Low,Regular
16321.0,Mid,Regular
16322.0,Mid,Regular
16323.0,Low,Regular
16324.0,Mid,Regular
16325.0,Mid,Regular
16326.0,Mid,Regular
16327.0,Mid,Regular
16330.0,Mid,Regular
16332.0,Mid,Regular
16333.0,Mid,Anomaly
16337.0,Mid,Regular
16338.0,Low,Regular
16339.0,Low,Regular
16340.0,Mid,Regular
16341.0,Mid,Regular
16342.0,Mid,Regular
16343.0,Mid,Regular
16344.0,Low,Regular
16345.0,Mid,Regular
16347.0,Mid,Regular
16348.0,Mid,Regular
16349.0,Low,Regular
16350.0,Mid,Regular
16351.0,Low,Regular
16352.0,Mid,Regular
16353.0,Mid,Regular
16354.0,Mid,Regular
16356.0,Low,Regular
16357.0,Mid,Regular
16358.0,Mid,Regular
16359.0,Mid,Regular
16360.0,Mid,Regular
16361.0,Mid,Regular
16362.0,Mid,Regular
16363.0,Mid,Regular
16364.0,Mid,Regular
16365.0,Mid,Regular
16366.0,Mid,Regular
16367.0,Mid,Regular
16368.0,Mid,Regular
16369.0,Mid,Regular
16370.0,Mid,Regular
16372.0,Mid,Regular
16374.0,Mid,Regular
16376.0,Mid,Regular
16377.0,Low,Regular
16378.0,Low,Regular
16379.0,Mid,Regular
16380.0,Mid,Regular
16383.0,Mid,Regular
16384.0,Mid,Regular
16385.0,Mid,Regular
16386.0,Mid,Regular
16387.0,Low,Regular
16389.0,Mid,Regular
16392.0,Low,Regular
16393.0,Mid,Regular
16394.0,Mid,Regular
16395.0,Mid,Regular
16398.0,Low,Regular
16399.0,Mid,Regular
16400.0,Mid,Regular
16401.0,Mid,Regular
16402.0,Low,Regular
16403.0,Low,Regular
16404.0,Mid,Regular
16405.0,Low,Regular
16406.0,Mid,Regular
16407.0,Mid,Regular
16409.0,Mid,Regular
16411.0,Mid,Regular
16412.0,Mid,Regular
16413.0,Mid,Regular
16414.0,Mid,Regular
16415.0,Mid,Regular
16416.0,Mid,Regular
16418.0,Mid,Regular
16419.0,Mid,Regular
16422.0,High,Regular
16423.0,Mid,Regular
16424.0,Low,Regular
16425.0,Low,Regular
16426.0,Mid,Regular
16427.0,Low,Regular
16429.0,Mid,Regular
16430.0,Mid,Regular
16431.0,Low,Regular
16432.0,Mid,Regular
16433.0,Mid,Regular
16434.0,Mid,Regular
16438.0,Mid,Regular
16440.0,Mid,Regular
16441.0,Mid,Regular
16442.0,Mid,Regular
16444.0,Mid,Regular
16445.0,Mid,Regular
16446.0,High,Anomaly
16447.0,Mid,Regular
16448.0,Low,Regular
16449.0,Low,Regular
16450.0,Low,Regular
16451.0,Mid,Regular
16454.0,Mid,Regular
16455.0,Mid,Regular
16456.0,Mid,Regular
16457.0,Low,Regular
16458.0,Mid,Regular
16460.0,Mid,Regular
16461.0,Low,Regular
16462.0,Mid,Regular
16463.0,Mid,Regular
16464.0,Mid,Regular
16466.0,Mid,Regular
16468.0,Mid,Regular
16469.0,Mid,Regular
16470.0,Mid,Regular
16471.0,Low,Regular
16473.0,Low,Regular
16474.0,Mid,Regular
16475.0,Mid,Regular
16477.0,Mid,Regular
16478.0,Mid,Regular
16479.0,Mid,Regular
16480.0,Mid,Regular
16482.0,Mid,Regular
16483.0,Low,Regular
16484.0,Low,Regular
16485.0,Mid,Regular
16488.0,Mid,Regular
16491.0,Mid,Regular
16493.0,Mid,Regular
16494.0,Low,Regular
16495.0,Mid,Regular
16496.0,Mid,Regular
16497.0,Mid,Regular
16498.0,Low,Regular
16499.0,Low,Regular
16500.0,Mid,Regular
16503.0,Mid,Regular
16504.0,Mid,Regular
16505.0,Mid,Regular
16506.0,Mid,Regular
16509.0,Low,Regular
16510.0,Low,Regular
16511.0,Mid,Regular
16513.0,Mid,Regular
16515.0,Mid,Regular
16516.0,Mid,Regular
16517.0,Low,Regular
16518.0,Mid,Regular
16519.0,Mid,Regular
16520.0,Low,Regular
16523.0,Mid,Regular
16525.0,Mid,Regular
16526.0,Low,Regular
16527.0,Mid,Regular
16528.0,Mid,Regular
16529.0,Low,Regular
16531.0,Mid,Regular
16532.0,Mid,Regular
16533.0,Mid,Regular
16535.0,Mid,Regular
16536.0,Mid,Regular
16539.0,Mid,Regular
16542.0,Mid,Regular
16545.0,Low,Regular
16546.0,Low,Regular
16549.0,Mid,Regular
16550.0,Mid,Regular
16551.0,Mid,Regular
16552.0,Low,Regular
16553.0,Mid,Regular
16554.0,Mid,Regular
16555.0,Mid,Regular
16556.0,Mid,Regular
16557.0,Mid,Regular
16558.0,Mid,Regular
16560.0,Mid,Regular
16561.0,Mid,Regular
16563.0,Mid,Regular
16565.0,Low,Regular
16566.0,Mid,Regular
16567.0,Low,Regular
16569.0,Mid,Regular
16570.0,Mid,Regular
16571.0,Mid,Regular
16572.0,Mid,Regular
16573.0,Mid,Regular
16574.0,Mid,Regular
16581.0,Low,Regular
16582.0,Mid,Regular
16583.0,Low,Regular
16584.0,Mid,Regular
16586.0,Low,Regular
16587.0,Low,Regular
16589.0,Mid,Regular
16591.0,Mid,Regular
16592.0,Mid,Regular
16593.0,Mid,Regular
16594.0,Mid,Regular
16595.0,Mid,Regular
16596.0,Mid,Regular
16597.0,Mid,Regular
16598.0,Low,Regular
16600.0,Mid,Regular
16601.0,Mid,Regular
16602.0,Mid,Regular
16603.0,Mid,Regular
16607.0,Mid,Regular
16609.0,Mid,Regular
16610.0,Low,Regular
16611.0,Low,Regular
16612.0,Mid,Regular
16613.0,Mid,Regular
16614.0,Low,Regular
16616.0,Mid,Regular
16617.0,Low,Regular
16618.0,Mid,Regular
16619.0,Low,Regular
16620.0,Mid,Regular
16621.0,Mid,Regular
16623.0,Low,Regular
16624.0,Mid,Regular
16625.0,Low,Regular
16626.0,Mid,Regular
16627.0,Mid,Regular
16628.0,Mid,Regular
16629.0,Mid,Regular
16633.0,Mid,Regular
16634.0,Low,Regular
16637.0,Mid,Regular
16638.0,Mid,Regular
16639.0,Mid,Regular
16641.0,Mid,Regular
16642.0,Mid,Regular
16643.0,Low,Regular
16644.0,Low,Regular
16647.0,Low,Regular
16648.0,Mid,Regular
16650.0,Mid,Regular
16652.0,Mid,Regular
16653.0,Mid,Regular
16654.0,Mid,Regular
16655.0,Mid,Regular
16656.0,Mid,Regular
16657.0,Mid,Regular
16658.0,Low,Regular
16659.0,Low,Regular
16660.0,Mid,Regular
16665.0,Low,Regular
16666.0,Mid,Regular
16667.0,Mid,Regular
16668.0,Mid,Regular
16669.0,Mid,Regular
16670.0,Mid,Regular
16671.0,Mid,Regular
16672.0,Mid,Regular
16674.0,Mid,Regular
16676.0,Mid,Regular
16678.0,Mid,Regular
16679.0,Low,Regular
16680.0,Mid,Regular
16681.0,Mid,Regular
16682.0,Mid,Regular
16684.0,High,Anomaly
16685.0,Mid,Regular
16686.0,Mid,Regular
16688.0,Mid,Regular
16689.0,Mid,Regular
16690.0,Mid,Regular
16692.0,Low,Regular
16693.0,Mid,Regular
16696.0,Mid,Regular
16697.0,Low,Regular
16698.0,Low,Regular
16700.0,Mid,Regular
16701.0,Mid,Regular
16705.0,Mid,Regular
16706.0,Mid,Regular
16708.0,Mid,Regular
16709.0,Mid,Regular
16710.0,Mid,Regular
16711.0,Mid,Regular
16712.0,Mid,Regular
16713.0,Mid,Regular
16714.0,Low,Regular
16715.0,Mid,Regular
16716.0,Low,Regular
16717.0,Mid,Regular
16718.0,Low,Regular
16719.0,Mid,Regular
16720.0,Mid,Regular
16721.0,Low,Regular
16722.0,Mid,Regular
16723.0,Mid,Regular
16725.0,Low,Regular
16726.0,Mid,Regular
16727.0,Low,Regular
16728.0,Mid,Regular
16729.0,Mid,Regular
16730.0,Mid,Regular
16732.0,Mid,Regular
16734.0,Mid,Regular
16735.0,Mid,Regular
16737.0,Mid,Regular
16738.0,Low,Regular
16739.0,Low,Regular
16742.0,Mid,Regular
16743.0,Mid,Regular
16744.0,Mid,Regular
16745.0,Mid,Regular
16746.0,Mid,Regular
16747.0,Mid,Regular
16748.0,Mid,Regular
16750.0,Mid,Regular
16751.0,Mid,Regular
16752.0,Low,Regular
16753.0,Mid,Regular
16754.0,Low,Anomaly
16755.0,Mid,Regular
16756.0,Low,Regular
16757.0,Low,Regular
16758.0,Mid,Regular
16759.0,Mid,Regular
16761.0,Mid,Regular
16762.0,Mid,Regular
16763.0,Low,Regular
16764.0,Mid,Regular
16765.0,Low,Regular
16766.0,Low,Regular
16767.0,Mid,Regular
16768.0,Mid,Regular
16769.0,Low,Regular
16770.0,Mid,Regular
16771.0,Mid,Regular
16773.0,Mid,Regular
16774.0,Mid,Regular
16775.0,Mid,Regular
16776.0,Mid,Regular
16777.0,Mid,Regular
16778.0,Mid,Regular
16779.0,Mid,Regular
16780.0,Mid,Regular
16781.0,Low,Regular
16782.0,Mid,Regular
16784.0,Mid,Regular
16788.0,Mid,Regular
16789.0,Mid,Regular
16790.0,Mid,Regular
16791.0,Mid,Regular
16792.0,Low,Regular
16793.0,Mid,Regular
16794.0,Mid,Regular
16795.0,Low,Regular
16796.0,Mid,Regular
16800.0,Mid,Regular
16801.0,Low,Regular
16803.0,Mid,Regular
16804.0,Mid,Regular
16805.0,Low,Regular
16806.0,Mid,Regular
16807.0,Mid,Regular
16808.0,Mid,Regular
16809.0,Mid,Regular
16810.0,Low,Regular
16811.0,Mid,Regular
16812.0,Low,Regular
16813.0,Mid,Regular
16814.0,Mid,Regular
16816.0,Mid,Regular
16817.0,Mid,Regular
16818.0,Mid,Regular
16820.0,Mid,Regular
16823.0,Low,Regular
16824.0,Mid,Regular
16825.0,Mid,Regular
16826.0,Mid,Regular
16828.0,Mid,Regular
16829.0,Low,Regular
16830.0,Mid,Regular
16832.0,Low,Regular
16833.0,Mid,Regular
16834.0,Low,Regular
16835.0,Mid,Regular
16836.0,Mid,Regular
16837.0,Mid,Regular
16838.0,Low,Regular
16839.0,Mid,Regular
16841.0,Mid,Regular
16842.0,Mid,Regular
16843.0,Mid,Regular
16846.0,Mid,Regular
16847.0,Mid,Regular
16848.0,Mid,Regular
16849.0,Low,Regular
16850.0,Low,Regular
16851.0,Mid,Regular
16852.0,Mid,Regular
16855.0,Mid,Regular
16856.0,Mid,Regular
16858.0,Low,Regular
16859.0,Low,Regular
16861.0,Mid,Regular
16863.0,Mid,Regular
16866.0,Mid,Regular
16869.0,Mid,Regular
16871.0,Mid,Regular
16872.0,Mid,Regular
16873.0,Mid,Regular
16875.0,Mid,Regular
16877.0,Mid,Regular
16878.0,Mid,Regular
16880.0,Mid,Regular
16881.0,Mid,Regular
16882.0,Mid,Regular
16883.0,Low,Regular
16884.0,Mid,Regular
16885.0,Mid,Regular
16887.0,Mid,Regular
16889.0,Low,Regular
16891.0,Mid,Regular
16892.0,Mid,Regular
16893.0,Low,Regular
16895.0,Mid,Regular
16897.0,Low,Regular
16898.0,Mid,Regular
16899.0,Mid,Regular
16900.0,Mid,Regular
16902.0,Mid,Regular
16903.0,Mid,Regular
16904.0,Mid,Regular
16905.0,Mid,Regular
16906.0,Mid,Regular
16907.0,Mid,Regular
16909.0,Mid,Regular
16910.0,Mid,Regular
16912.0,Mid,Regular
16913.0,Low,Regular
16914.0,Mid,Regular
16915.0,Mid,Regular
16916.0,Mid,Regular
16917.0,Low,Regular
16918.0,Mid,Regular
16919.0,Mid,Regular
16921.0,Mid,Regular
16923.0,Mid,Regular
16924.0,Mid,Regular
16926.0,Low,Regular
16927.0,Mid,Regular
16928.0,Mid,Regular
16929.0,Mid,Regular
16930.0,Mid,Regular
16931.0,Mid,Regular
16932.0,Mid,Regular
16933.0,Mid,Regular
16934.0,Mid,Regular
16936.0,Mid,Regular
16938.0,Mid,Regular
16940.0,Mid,Regular
16942.0,Mid,Regular
16943.0,Low,Regular
16945.0,Mid,Regular
16947.0,Low,Regular
16948.0,Mid,Regular
16949.0,Mid,Regular
16950.0,Mid,Regular
16951.0,Mid,Regular
16952.0,Mid,Regular
16953.0,Mid,Regular
16954.0,Mid,Regular
16955.0,Low,Regular
16956.0,Mid,Regular
16957.0,Low,Regular
16959.0,Mid,Regular
16960.0,Mid,Regular
16961.0,Mid,Regular
16963.0,Low,Regular
16965.0,Low,Regular
16966.0,Mid,Regular
16967.0,Low,Regular
16968.0,Mid,Regular
16969.0,Mid,Regular
16971.0,Mid,Regular
16976.0,Low,Regular
16978.0,Mid,Regular
16979.0,Mid,Regular
16980.0,Low,Regular
16982.0,Mid,Regular
16983.0,Mid,Regular
16984.0,Mid,Regular
16985.0,Mid,Regular
16986.0,Mid,Regular
16987.0,Mid,Regular
16988.0,Mid,Regular
16989.0,Mid,Regular
16990.0,Low,Regular
16992.0,Mid,Regular
16996.0,Mid,Regular
16997.0,Low,Regular
16998.0,Low,Regular
16999.0,Mid,Regular
17001.0,Mid,Regular
17002.0,Mid,Regular
17004.0,Mid,Regular
17006.0,Mid,Regular
17007.0,Mid,Regular
17010.0,Mid,Regular
17011.0,Mid,Regular
17014.0,Mid,Regular
17015.0,Mid,Regular
17017.0,Mid,Regular
17018.0,Mid,Regular
17019.0,Mid,Regular
17022.0,Mid,Regular
17024.0,Mid,Regular
17025.0,Mid,Regular
17026.0,Low,Regular
17027.0,Mid,Regular
17029.0,Mid,Regular
17030.0,Mid,Regular
17031.0,Mid,Regular
17033.0,Mid,Regular
17034.0,Mid,Regular
17035.0,Low,Regular
17037.0,Mid,Regular
17038.0,Mid,Regular
17040.0,Mid,Regular
17041.0,Mid,Regular
17042.0,Mid,Regular
17043.0,Mid,Regular
17044.0,Mid,Regular
17045.0,Mid,Regular
17046.0,Low,Regular
17047.0,Mid,Regular
17048.0,Mid,Regular
17049.0,Mid,Regular
17050.0,Mid,Regular
17051.0,Low,Regular
17052.0,Mid,Regular
17053.0,Mid,Regular
17054.0,Mid,Regular
17058.0,Mid,Regular
17059.0,Mid,Regular
17060.0,Low,Regular
17061.0,Mid,Regular
17062.0,Low,Regular
17063.0,Mid,Regular
17064.0,Mid,Regular
17068.0,Mid,Regular
17069.0,Mid,Regular
17070.0,Mid,Regular
17071.0,Mid,Regular
17073.0,Mid,Regular
17075.0,Mid,Regular
17076.0,Mid,Regular
17078.0,Mid,Regular
17079.0,Mid,Regular
17080.0,Mid,Regular
17081.0,Mid,Regular
17082.0,Mid,Regular
17083.0,Mid,Regular
17084.0,Mid,Regular
17085.0,Mid,Regular
17086.0,Mid,Regular
17088.0,Mid,Regular
17090.0,Mid,Regular
17091.0,Mid,Regular
17092.0,Mid,Regular
17094.0,Low,Regular
17095.0,Mid,Regular
17096.0,Mid,Regular
17097.0,Mid,Regular
17100.0,Mid,Regular
17101.0,Mid,Regular
17102.0,Low,Regular
17105.0,Low,Regular
17107.0,Mid,Regular
17109.0,Mid,Regular
17110.0,Low,Regular
17111.0,Mid,Regular
17114.0,Mid,Regular
17115.0,Mid,Regular
17117.0,Low,Regular
17118.0,Low,Regular
17119.0,Mid,Regular
17120.0,Low,Regular
17122.0,Mid,Regular
17123.0,Low,Regular
17124.0,Low,Regular
17125.0,Mid,Regular
17126.0,Low,Regular
17128.0,Low,Regular
17131.0,Mid,Regular
17133.0,Mid,Regular
17134.0,Mid,Regular
17135.0,Mid,Regular
17138.0,Low,Regular
17139.0,Mid,Regular
17140.0,Low,Regular
17142.0,Low,Regular
17144.0,Mid,Regular
17146.0,Mid,Regular
17147.0,Mid,Regular
17148.0,Mid,Regular
17152.0,Low,Regular
17153.0,Mid,Regular
17154.0,Mid,Regular
17155.0,Mid,Regular
17157.0,Mid,Regular
17158.0,Mid,Regular
17159.0,Mid,Regular
17160.0,Mid,Regular
17162.0,Mid,Regular
17163.0,Mid,Regular
17164.0,Mid,Regular
17165.0,Low,Regular
17166.0,Mid,Regular
17169.0,Mid,Regular
17171.0,Low,Regular
17172.0,Mid,Regular
17173.0,Mid,Regular
17174.0,Low,Regular
17175.0,Mid,Regular
17176.0,Low,Regular
17179.0,Low,Regular
17180.0,Mid,Regular
17181.0,Mid,Regular
17183.0,Mid,Regular
17186.0,Mid,Regular
17187.0,Low,Regular
17188.0,Mid,Regular
17189.0,Mid,Regular
17190.0,Mid,Regular
17191.0,Mid,Regular
17193.0,Mid,Regular
17194.0,Low,Regular
17197.0,Mid,Regular
17198.0,Mid,Regular
17201.0,Mid,Regular
17203.0,Mid,Regular
17204.0,Low,Regular
17205.0,Mid,Regular
17206.0,Mid,Regular
17211.0,Mid,Regular
17212.0,Low,Regular
17213.0,Mid,Regular
17214.0,Mid,Regular
17217.0,Low,Regular
17218.0,Mid,Regular
17219.0,Mid,Regular
17220.0,Mid,Regular
17221.0,Mid,Regular
17222.0,Mid,Regular
17223.0,Low,Regular
17226.0,Low,Regular
17227.0,Mid,Regular
17228.0,Mid,Regular
17229.0,Mid,Regular
17230.0,Low,Regular
17231.0,Mid,Regular
17232.0,Mid,Regular
17233.0,Mid,Regular
17234.0,Low,Regular
17235.0,Mid,Regular
17236.0,Mid,Regular
17237.0,Mid,Regular
17238.0,Mid,Regular
17239.0,Low,Regular
17242.0,Mid,Regular
17243.0,Mid,Regular
17244.0,Mid,Regular
17245.0,Low,Regular
17247.0,Mid,Regular
17248.0,Mid,Regular
17250.0,Mid,Regular
17251.0,Low,Regular
17252.0,Mid,Regular
17253.0,Mid,Regular
17254.0,Mid,Regular
17255.0,Mid,Regular
17256.0,Mid,Regular
17259.0,Low,Regular
17262.0,Mid,Regular
17263.0,Low,Regular
17265.0,Mid,Regular
17266.0,Mid,Regular
17267.0,Mid,Regular
17268.0,Mid,Regular
17272.0,Mid,Regular
17274.0,Mid,Regular
17277.0,Low,Regular
17278.0,Low,Regular
17279.0,Mid,Regular
17282.0,Mid,Regular
17284.0,Mid,Regular
17286.0,Mid,Regular
17287.0,Mid,Regular
17288.0,Mid,Regular
17289.0,Mid,Regular
17290.0,Mid,Regular
17291.0,Low,Regular
17293.0,Mid,Regular
17295.0,Mid,Regular
17297.0,Mid,Regular
17298.0,Mid,Regular
17299.0,Mid,Regular
17301.0,Mid,Regular
17302.0,Mid,Regular
17303.0,Low,Regular
17306.0,Mid,Regular
17309.0,Mid,Regular
17311.0,Mid,Regular
17312.0,Mid,Regular
17313.0,Mid,Regular
17314.0,Mid,Regular
17315.0,Mid,Regular
17317.0,Mid,Regular
17320.0,Mid,Regular
17321.0,Mid,Regular
17323.0,Mid,Regular
17324.0,Mid,Regular
17325.0,Low,Regular
17329.0,Mid,Regular
17330.0,Mid,Regular
17331.0,Mid,Regular
17333.0,Mid,Regular
17334.0,Low,Regular
17337.0,Low,Regular
17338.0,Mid,Regular
17339.0,Mid,Regular
17340.0,Mid,Regular
17341.0,Low,Regular
17343.0,Low,Regular
17344.0,Mid,Regular
17345.0,Mid,Regular
17346.0,Mid,Regular
17347.0,Mid,Regular
17348.0,Mid,Regular
17349.0,Low,Regular
17350.0,Mid,Regular
17351.0,Mid,Regular
17353.0,Mid,Regular
17354.0,Mid,Regular
17356.0,Low,Regular
17357.0,Mid,Regular
17358.0,Low,Regular
17359.0,Mid,Regular
17360.0,Mid,Regular
17361.0,Mid,Regular
17362.0,Low,Regular
17364.0,Mid,Regular
17365.0,Mid,Regular
17367.0,Low,Regular
17368.0,Mid,Regular
17370.0,Mid,Regular
17371.0,Mid,Regular
17372.0,Mid,Regular
17373.0,Mid,Regular
17374.0,Low,Regular
17375.0,Low,Regular
17376.0,Mid,Regular
17377.0,Mid,Regular
17379.0,Mid,Regular
17381.0,Mid,Regular
17382.0,Mid,Regular
17383.0,Mid,Regular
17384.0,Mid,Regular
17385.0,Mid,Regular
17386.0,Mid,Regular
17387.0,Mid,Regular
17388.0,Mid,Regular
17389.0,Mid,Regular
17391.0,Low,Regular
17392.0,Low,Regular
17394.0,Low,Regular
17396.0,Mid,Regular
17397.0,Mid,Regular
17398.0,Mid,Regular
17400.0,Mid,Regular
17402.0,Mid,Regular
17403.0,Mid,Regular
17404.0,Mid,Anomaly
17405.0,Mid,Regular
17406.0,Low,Regular
17408.0,Low,Regular
17409.0,Low,Regular
17410.0,Mid,Regular
17411.0,Mid,Regular
17412.0,Mid,Regular
17414.0,Mid,Regular
17415.0,Mid,Regular
17416.0,Mid,Regular
17418.0,Mid,Regular
17419.0,Mid,Regular
17420.0,Mid,Regular
17422.0,Mid,Regular
17423.0,Mid,Regular
17425.0,Mid,Regular
17426.0,Mid,Regular
17427.0,Mid,Regular
17428.0,Mid,Regular
17429.0,Mid,Regular
17430.0,Mid,Regular
17431.0,Low,Regular
17432.0,Mid,Regular
17433.0,Mid,Regular
17434.0,Mid,Regular
17436.0,Mid,Regular
17438.0,Low,Regular
17440.0,Low,Regular
17442.0,Mid,Regular
17443.0,Low,Regular
17444.0,Low,Regular
17446.0,Low,Regular
17447.0,Mid,Regular
17449.0,Mid,Regular
17450.0,High,Anomaly
17451.0,Mid,Regular
17453.0,Mid,Regular
17454.0,Low,Regular
17455.0,Low,Regular
17456.0,Low,Regular
17457.0,Mid,Regular
17458.0,Mid,Regular
17459.0,Mid,Regular
17460.0,Mid,Regular
17461.0,Mid,Regular
17462.0,Mid,Regular
17463.0,Mid,Regular
17464.0,Low,Regular
17466.0,Mid,Regular
17468.0,Mid,Regular
17469.0,Mid,Regular
17470.0,Mid,Regular
17472.0,Low,Regular
17475.0,Mid,Regular
17480.0,Mid,Regular
17481.0,Mid,Regular
17483.0,Mid,Regular
17486.0,Low,Regular
17489.0,Mid,Regular
17490.0,Mid,Regular
17491.0,Mid,Regular
17492.0,Low,Regular
17495.0,Mid,Regular
17496.0,Low,Regular
17498.0,Mid,Regular
17499.0,Low,Regular
17500.0,Mid,Regular
17501.0,Low,Regular
17502.0,Mid,Regular
17503.0,Mid,Regular
17504.0,Low,Regular
17505.0,Low,Regular
17506.0,Mid,Regular
17507.0,Low,Regular
17508.0,Low,Regular
17509.0,Mid,Regular
17510.0,Mid,Regular
17511.0,High,Anomaly
17512.0,Mid,Regular
17513.0,Mid,Regular
17514.0,Mid,Regular
17515.0,Mid,Regular
17516.0,Mid,Regular
17517.0,Low,Regular
17519.0,Mid,Regular
17520.0,Mid,Regular
17521.0,Mid,Regular
17522.0,Mid,Regular
17523.0,Mid,Regular
17524.0,Low,Regular
17525.0,Low,Regular
17526.0,Mid,Regular
17527.0,Mid,Regular
17528.0,Mid,Regular
17530.0,Mid,Regular
17531.0,Low,Regular
17534.0,Mid,Regular
17535.0,Low,Regular
17536.0,Low,Regular
17537.0,Mid,Regular
17538.0,Mid,Regular
17540.0,Mid,Regular
17542.0,Low,Regular
17545.0,Mid,Regular
17548.0,Low,Regular
17549.0,Mid,Regular
17550.0,Low,Regular
17551.0,Low,Regular
17552.0,Mid,Regular
17553.0,Mid,Regular
17554.0,Mid,Regular
17555.0,Mid,Regular
17556.0,Low,Regular
17557.0,Mid,Regular
17560.0,Mid,Regular
17561.0,Mid,Regular
17562.0,Mid,Regular
17564.0,Mid,Regular
17566.0,Mid,Regular
17567.0,Mid,Regular
17569.0,Low,Regular
17571.0,Mid,Regular
17572.0,Mid,Regular
17573.0,Mid,Regular
17574.0,Low,Regular
17576.0,Mid,Regular
17578.0,Low,Regular
17579.0,Mid,Regular
17580.0,Low,Regular
17581.0,Mid,Regular
17582.0,Low,Regular
17584.0,Mid,Regular
17585.0,Mid,Regular
17588.0,Mid,Regular
17589.0,Mid,Regular
17590.0,Mid,Regular
17591.0,Mid,Regular
17593.0,Mid,Regular
17594.0,Mid,Regular
17595.0,Mid,Regular
17596.0,Mid,Regular
17597.0,Low,Regular
17600.0,Mid,Regular
17601.0,Low,Regular
17602.0,Mid,Regular
17603.0,Mid,Regular
17604.0,Low,Regular
17608.0,Mid,Regular
17609.0,Mid,Regular
17611.0,Mid,Regular
17612.0,Mid,Regular
17613.0,Mid,Regular
17614.0,Mid,Regular
17615.0,Mid,Regular
17616.0,Low,Regular
17618.0,Mid,Regular
17619.0,Low,Regular
17620.0,Mid,Regular
17621.0,Mid,Regular
17623.0,Mid,Regular
17624.0,Mid,Regular
17625.0,Mid,Regular
17628.0,Mid,Regular
17629.0,Mid,Regular
17630.0,Low,Regular
17631.0,Mid,Regular
17633.0,Mid,Regular
17634.0,Mid,Regular
17636.0,Mid,Regular
17637.0,Mid,Regular
17639.0,Low,Regular
17640.0,Mid,Regular
17642.0,Mid,Regular
17643.0,Low,Regular
17644.0,Mid,Regular
17646.0,Low,Regular
17647.0,Mid,Regular
17648.0,Mid,Regular
17649.0,Mid,Regular
17650.0,Mid,Regular
17651.0,Mid,Regular
17652.0,Mid,Regular
17653.0,Mid,Regular
17654.0,Low,Regular
17655.0,Mid,Regular
17656.0,Mid,Regular
17658.0,Mid,Regular
17659.0,Mid,Regular
17660.0,Low,Regular
17663.0,Mid,Regular
17664.0,Mid,Regular
17666.0,Mid,Regular
17667.0,Mid,Regular
17668.0,Mid,Regular
17669.0,Mid,Regular
17670.0,Low,Regular
17671.0,Mid,Regular
17672.0,Mid,Regular
17673.0,Mid,Regular
17674.0,Mid,Regular
17675.0,Mid,Regular
17676.0,Mid,Regular
17677.0,Mid,Regular
17678.0,Low,Regular
17679.0,Mid,Regular
17680.0,Mid,Regular
17682.0,Mid,Regular
17684.0,Mid,Regular
17685.0,Mid,Regular
17686.0,Mid,Regular
17690.0,Mid,Regular
17691.0,Low,Regular
17692.0,Mid,Regular
17693.0,Mid,Regular
17694.0,Low,Regular
17695.0,Mid,Regular
17696.0,Mid,Regular
17697.0,Low,Regular
17698.0,Low,Regular
17700.0,Mid,Regular
17701.0,Low,Regular
17702.0,Mid,Regular
17703.0,Mid,Regular
17704.0,Low,Regular
17705.0,Mid,Regular
17706.0,Mid,Regular
17707.0,Low,Regular
17708.0,Low,Regular
17709.0,Low,Regular
17711.0,Mid,Regular
17712.0,Mid,Regular
17714.0,Low,Regular
17715.0,Low,Regular
17716.0,Mid,Regular
17718.0,Low,Regular
17719.0,Mid,Regular
17720.0,Mid,Regular
17722.0,Mid,Regular
17723.0,Mid,Regular
17724.0,Mid,Regular
17725.0,Mid,Regular
17727.0,Mid,Regular
17728.0,Mid,Regular
17730.0,Mid,Regular
17731.0,Mid,Regular
17732.0,Low,Regular
17733.0,Mid,Regular
17734.0,Mid,Regular
17735.0,Mid,Regular
17736.0,Mid,Regular
17737.0,Mid,Regular
17738.0,Mid,Regular
17739.0,Mid,Regular
17742.0,Mid,Regular
17744.0,Mid,Regular
17746.0,Low,Regular
17747.0,Mid,Regular
17749.0,Low,Regular
17750.0,Mid,Regular
17752.0,Low,Regular
17754.0,Mid,Regular
17757.0,Mid,Regular
17758.0,Mid,Regular
17759.0,Mid,Regular
17760.0,Mid,Regular
17761.0,Mid,Regular
17763.0,Low,Regular
17764.0,Mid,Regular
17765.0,Low,Regular
17767.0,Mid,Regular
17768.0,Mid,Regular
17769.0,Mid,Regular
17770.0,Low,Regular
17771.0,Mid,Regular
17772.0,Mid,Regular
17774.0,Mid,Regular
17775.0,Low,Regular
17777.0,Mid,Regular
17779.0,Mid,Regular
17781.0,Low,Regular
17783.0,Mid,Regular
17785.0,Mid,Regular
17786.0,Mid,Regular
17787.0,Low,Regular
17788.0,Mid,Regular
17789.0,Low,Regular
17790.0,Mid,Regular
17791.0,Mid,Regular
17793.0,Mid,Regular
17795.0,Low,Regular
17796.0,Mid,Regular
17797.0,Mid,Regular
17799.0,Mid,Regular
17800.0,Mid,Regular
17802.0,Mid,Regular
17805.0,Mid,Regular
17806.0,Mid,Regular
17809.0,Mid,Regular
17811.0,Mid,Regular
17812.0,Mid,Regular
17813.0,Mid,Regular
17816.0,Mid,Regular
17817.0,Mid,Regular
17819.0,Mid,Regular
17824.0,Mid,Regular
17827.0,Mid,Regular
17828.0,Mid,Regular
17829.0,Low,Regular
17830.0,Mid,Regular
17831.0,Mid,Regular
17832.0,Mid,Regular
17835.0,Mid,Regular
17836.0,Mid,Regular
17837.0,Mid,Regular
17838.0,Mid,Regular
17839.0,Mid,Regular
17841.0,High,Regular
17843.0,Low,Regular
17844.0,Mid,Regular
17846.0,Mid,Regular
17848.0,Mid,Regular
17849.0,Low,Regular
17850.0,Low,Regular
17852.0,Mid,Regular
17854.0,Low,Regular
17855.0,Low,Regular
17856.0,Mid,Regular
17857.0,Mid,Regular
17858.0,Mid,Regular
17859.0,Low,Regular
17860.0,Low,Regular
17861.0,Mid,Regular
17862.0,Low,Regular
17863.0,Mid,Regular
17864.0,Mid,Regular
17865.0,Mid,Regular
17866.0,Low,Regular
17867.0,Mid,Regular
17869.0,Mid,Regular
17870.0,Mid,Regular
17871.0,Low,Regular
17873.0,Mid,Regular
17874.0,Low,Regular
17877.0,Low,Regular
17878.0,Mid,Regular
17879.0,Low,Regular
17880.0,Low,Regular
17881.0,Low,Regular
17883.0,Mid,Regular
17884.0,Mid,Regular
17885.0,Mid,Regular
17886.0,Mid,Regular
17887.0,Mid,Regular
17888.0,Mid,Regular
17889.0,Low,Regular
17890.0,Low,Regular
17891.0,Low,Regular
17892.0,Mid,Regular
17893.0,Low,Regular
17894.0,Mid,Regular
17895.0,Mid,Regular
17896.0,Mid,Regular
17897.0,Low,Regular
17898.0,Mid,Regular
17899.0,Low,Regular
17900.0,Low,Regular
17901.0,Mid,Regular
17904.0,Mid,Regular
17905.0,Mid,Regular
17906.0,Low,Regular
17908.0,Low,Regular
17911.0,Mid,Regular
17912.0,Low,Regular
17913.0,Mid,Regular
17914.0,Mid,Regular
17917.0,Mid,Regular
17919.0,Mid,Regular
17920.0,Mid,Regular
17921.0,Mid,Regular
17923.0,Low,Regular
17924.0,Mid,Regular
17925.0,Low,Regular
17926.0,Mid,Regular
17928.0,Mid,Regular
17929.0,Mid,Regular
17930.0,Mid,Regular
17931.0,Mid,Regular
17932.0,Mid,Regular
17934.0,Mid,Regular
17935.0,Mid,Regular
17936.0,Mid,Regular
17937.0,Mid,Regular
17939.0,Low,Regular
17940.0,Mid,Bulk
17941.0,Mid,Regular
17942.0,Mid,Regular
17946.0,Low,Regular
17947.0,Mid,Regular
17948.0,Low,Regular
17949.0,High,Bulk
17950.0,Mid,Regular
17951.0,Mid,Regular
17954.0,Mid,Regular
17955.0,Low,Regular
17956.0,Low,Regular
17957.0,Mid,Regular
17958.0,Mid,Regular
17960.0,Low,Regular
17961.0,Mid,Regular
17962.0,Low,Regular
17964.0,Mid,Regular
17965.0,Mid,Regular
17966.0,Mid,Regular
17967.0,Low,Regular
17968.0,Low,Regular
17969.0,Low,Regular
17970.0,Low,Regular
17972.0,Low,Regular
17973.0,Mid,Regular
17974.0,Mid,Regular
17975.0,Mid,Regular
17976.0,Low,Regular
17977.0,Mid,Regular
17978.0,Low,Regular
17979.0,Mid,Regular
17980.0,Low,Regular
17984.0,Low,Regular
17985.0,Mid,Regular
17986.0,Mid,Regular
17987.0,Low,Regular
17988.0,Mid,Regular
17990.0,Low,Regular
17991.0,Low,Regular
17994.0,Mid,Regular
17995.0,Low,Regular
17997.0,Mid,Regular
17999.0,Mid,Regular
18001.0,Mid,Regular
18004.0,Low,Regular
18005.0,Mid,Regular
18006.0,Mid,Regular
18008.0,Mid,Regular
18009.0,Low,Regular
18010.0,Low,Regular
18011.0,Low,Regular
18013.0,Low,Regular
18014.0,Mid,Regular
18015.0,Mid,Regular
18016.0,Mid,Regular
18017.0,Mid,Regular
18018.0,Mid,Regular
18019.0,Mid,Regular
18022.0,Mid,Regular
18024.0,Low,Regular
18027.0,Mid,Regular
18030.0,Mid,Regular
18032.0,Low,Regular
18033.0,Mid,Regular
18034.0,Mid,Regular
18035.0,Mid,Regular
18036.0,Mid,Regular
18037.0,Low,Regular
18040.0,Mid,Regular
18041.0,Mid,Regular
18042.0,Mid,Regular
18043.0,Mid,Regular
18044.0,Mid,Regular
18045.0,Mid,Regular
18048.0,Low,Regular
18050.0,Low,Regular
18053.0,Mid,Regular
18055.0,Mid,Regular
18056.0,Low,Regular
18058.0,Mid,Regular
18059.0,Mid,Regular
18061.0,Mid,Regular
18062.0,Low,Regular
18064.0,Mid,Regular
18065.0,Mid,Regular
18066.0,Mid,Regular
18067.0,Mid,Regular
18068.0,Low,Regular
18069.0,Mid,Regular
18071.0,Low,Regular
18072.0,Low,Regular
18073.0,Mid,Regular
18074.0,Low,Regular
18075.0,Mid,Regular
18077.0,Mid,Regular
18078.0,Low,Regular
18079.0,Mid,Bulk
18080.0,Mid,Regular
18081.0,Mid,Regular
18082.0,Mid,Regular
18084.0,Mid,Regular
18085.0,Low,Regular
18086.0,Low,Regular
18087.0,Mid,Anomaly
18088.0,Mid,Regular
18092.0,Mid,Regular
18093.0,Mid,Regular
18094.0,Mid,Regular
18095.0,Low,Regular
18096.0,Mid,Regular
18097.0,Mid,Regular
18099.0,Mid,Regular
18101.0,Mid,Regular
18102.0,High,Bulk
18104.0,Mid,Regular
18105.0,Mid,Regular
18106.0,Low,Regular
18108.0,Low,Regular
18109.0,Mid,Regular
18110.0,Mid,Regular
18112.0,Mid,Regular
18113.0,Low,Regular
18114.0,Low,Regular
18116.0,Mid,Regular
18117.0,Mid,Regular
18118.0,Mid,Regular
18119.0,Low,Regular
18120.0,Low,Regular
18121.0,Low,Regular
18122.0,Mid,Regular
18123.0,Mid,Regular
18125.0,Mid,Regular
18126.0,Mid,Regular
18127.0,Mid,Regular
18129.0,Low,Regular
18130.0,Mid,Regular
18133.0,Low,Regular
18135.0,Mid,Regular
18136.0,Mid,Regular
18138.0,Low,Regular
18139.0,Mid,Regular
18142.0,Low,Regular
18143.0,Mid,Regular
18144.0,Mid,Regular
18145.0,Mid,Regular
18146.0,Low,Regular
18147.0,Mid,Regular
18149.0,Mid,Regular
18150.0,Mid,Regular
18151.0,Mid,Regular
18154.0,Mid,Regular
18155.0,Mid,Regular
18156.0,Mid,Regular
18158.0,Mid,Regular
18159.0,Low,Regular
18160.0,Mid,Regular
18161.0,Mid,Regular
18164.0,Mid,Regular
18165.0,Low,Regular
18167.0,Mid,Regular
18168.0,Low,Regular
18169.0,Mid,Regular
18170.0,Mid,Regular
18171.0,Mid,Regular
18172.0,Mid,Regular
18173.0,Mid,Regular
18174.0,Mid,Regular
18176.0,Low,Regular
18177.0,Mid,Regular
18178.0,Mid,Regular
18179.0,Mid,Regular
18180.0,Mid,Regular
18181.0,Mid,Regular
18183.0,Low,Regular
18184.0,Mid,Regular
18185.0,Low,Regular
18188.0,Mid,Regular
18189.0,Mid,Regular
18190.0,Low,Regular
18191.0,Low,Regular
18192.0,Mid,Regular
18193.0,Low,Regular
18194.0,Mid,Regular
18196.0,Mid,Regular
18198.0,Mid,Regular
18200.0,Mid,Regular
18202.0,Low,Regular
18203.0,Low,Regular
18204.0,Mid,Regular
18205.0,Mid,Regular
18209.0,Mid,Regular
18210.0,Mid,Regular
18211.0,Mid,Regular
18212.0,Low,Regular
18213.0,Low,Regular
18215.0,Mid,Regular
18216.0,Mid,Regular
18217.0,Mid,Regular
18218.0,Low,Regular
18219.0,Mid,Regular
18220.0,Low,Regular
18221.0,Mid,Regular
18222.0,Mid,Regular
18223.0,Mid,Regular
18224.0,Low,Regular
18225.0,Mid,Regular
18226.0,Mid,Regular
18227.0,Low,Regular
18228.0,Mid,Regular
18229.0,Mid,Regular
18230.0,Mid,Regular
18231.0,Low,Regular
18232.0,Mid,Regular
18233.0,Low,Regular
18235.0,Mid,Regular
18236.0,Mid,Regular
18237.0,Mid,Regular
18239.0,Low,Regular
18240.0,Mid,Regular
18241.0,Mid,Regular
18242.0,Mid,Regular
18245.0,Mid,Regular
18246.0,Mid,Regular
18248.0,Mid,Regular
18249.0,Mid,Regular
18250.0,Low,Regular
18251.0,Mid,Anomaly
18252.0,Mid,Regular
18255.0,Mid,Regular
18257.0,Mid,Regular
18259.0,Mid,Regular
18260.0,Low,Regular
18261.0,Mid,Regular
18262.0,Low,Regular
18263.0,Mid,Regular
18265.0,Mid,Regular
18268.0,Mid,Regular
18269.0,Low,Regular
18270.0,Mid,Regular
18272.0,Mid,Regular
18273.0,Mid,Regular
18274.0,Mid,Regular
18276.0,Mid,Regular
18277.0,Mid,Regular
18278.0,Mid,Regular
18280.0,Low,Regular
18281.0,Low,Regular
18282.0,Mid,Regular
18283.0,Mid,Regular
18287.0,Mid,Regular
